71205803,Feb/16/2020 10:43,Rain_Ray,1C - Ancient Berland Circus,Python 3,Accepted,248 ms,300 KB,2020-02-16 10:43:00,1
46991579,Dec/14/2018 07:56,yuhta,2C - Commentator problem,Python 3,Accepted,124 ms,0 KB,2018-12-14 07:56:00,2
25541277,Mar/16/2017 10:43,Hamilton10,3C - Tic-tac-toe,Python 3,Accepted,124 ms,4500 KB,2017-03-16 10:43:00,3
51166840,Mar/11/2019 17:37,c1729,4C - Registration System,Python 3,Accepted,2028 ms,900 KB,2019-03-11 17:37:00,4
42191044,Aug/28/2018 05:45,zhxjfl,5C - Longest Regular Bracket Sequence,Python 3,Accepted,1496 ms,25900 KB,2018-08-28 05:45:00,5
47804988,Jan/01/2019 09:12,Silky_Littleraisin,"6C - Alice, Bob and Chocolate",Python 3,Accepted,342 ms,6700 KB,2019-01-01 09:12:00,6
49734133,Feb/10/2019 20:25,UTMoonlight,7C - Line,Python 3,Accepted,248 ms,0 KB,2019-02-10 20:25:00,7
55971234,Jun/23/2019 17:55,1ST_AlOosh,9C - Hexadecimal's Numbers,Python 3,Accepted,218 ms,0 KB,2019-06-23 17:55:00,9
55736631,Jun/19/2019 07:36,07rahi,10C - Digital Root,Python 3,Accepted,1370 ms,0 KB,2019-06-19 07:36:00,10
21732284,Oct/24/2016 06:02,Amores,12C - Fruits,Python 3,Accepted,77 ms,0 KB,2016-10-24 06:02:00,12
74035726,Mar/23/2020 15:10,Vasiliy_48,13C - Sequence,Python 3,Accepted,248 ms,500 KB,2020-03-23 15:10:00,13
32037060,Nov/03/2017 23:58,yugle7,14C - Four Segments,Python 3,Accepted,124 ms,0 KB,2017-11-03 23:58:00,14
55736743,Jun/19/2019 07:42,Darshan1999,15C - Industrial Nim,Python 3,Accepted,902 ms,0 KB,2019-06-19 07:42:00,15
55736894,Jun/19/2019 07:49,tushusavaliya,16C - Monitor,Python 3,Accepted,109 ms,0 KB,2019-06-19 07:49:00,16
14544147,Nov/28/2015 19:38,merolish,18C - Stripe,Python 3,Accepted,404 ms,7000 KB,2015-11-28 19:38:00,18
42003038,Aug/23/2018 19:30,fezjo,19C - Deletion of Repeats,Python 3,Accepted,1716 ms,21500 KB,2018-08-23 19:30:00,19
37490574,Apr/20/2018 17:38,vjudge1,20C - Dijkstra?,Python 3,Accepted,888 ms,35500 KB,2018-04-20 17:38:00,20
16908575,Mar/24/2016 18:15,MarcoXerox,21C - Stripe 2,Python 3,Accepted,124 ms,12000 KB,2016-03-24 18:15:00,21
59082070,Aug/19/2019 12:35,luogu_bot2,22C - System Administrator,Python 3,Accepted,467 ms,2600 KB,2019-08-19 12:35:00,22
52743512,Apr/14/2019 13:26,teitoku,23C - Oranges and Apples,Python 3,Accepted,1824 ms,31500 KB,2019-04-14 13:26:00,23
5629142,Jan/06/2014 23:26,serglag,24C - Sequence of points,Python 3,Accepted,810 ms,5200 KB,2014-01-06 23:26:00,24
34208703,Jan/16/2018 01:10,.I.,26C - Parquet,Python 3,Accepted,154 ms,5500 KB,2018-01-16 01:10:00,26
75055060,Apr/01/2020 11:09,Vasiliy_48,27C - Unordered Subsequence,Python 3,Accepted,342 ms,7500 KB,2020-04-01 11:09:00,27
53613410,May/01/2019 17:20,Codeprig,29C - Mail Stamps,Python 3,Accepted,1620 ms,15000 KB,2019-05-01 17:20:00,29
45961794,Nov/19/2018 15:01,riahi,30C - Shooting Gallery,Python 3,Accepted,1934 ms,0 KB,2018-11-19 15:01:00,30
75395295,Apr/03/2020 18:53,Vasiliy_48,32C - Flea,Python 3,Accepted,218 ms,0 KB,2020-04-03 18:53:00,32
14919821,Dec/22/2015 04:20,Eeyore,33C - Wonderful Randomized Sum,Python 3,Accepted,280 ms,7200 KB,2015-12-22 04:20:00,33
34173593,Jan/14/2018 14:40,topmind,34C - Page Numbers,Python 3,Accepted,124 ms,5500 KB,2018-01-14 14:40:00,34
27923350,Jun/20/2017 14:07,cr0n,37C - Old Berland Language,Python 3,Accepted,124 ms,2300 KB,2017-06-20 14:07:00,37
20483567,Sep/09/2016 20:32,Amores,38C - Blinds,Python 3,Accepted,156 ms,0 KB,2016-09-09 20:32:00,38
24699233,Feb/15/2017 18:16,sbandjohn,40C - Berland Square,Python 3,Accepted,218 ms,4800 KB,2017-02-15 18:16:00,40
40703840,Jul/24/2018 15:21,gleb.shnshn,41C - Email address,Python 3,Accepted,218 ms,0 KB,2018-07-24 15:21:00,41
12342557,Aug/04/2015 22:22,Eeyore,42C - Safe cracking,Python 3,Accepted,124 ms,0 KB,2015-08-04 22:22:00,42
15500981,Jan/22/2016 18:54,merolish,43C - Lucky Tickets,Python 3,Accepted,124 ms,700 KB,2016-01-22 18:54:00,43
61559800,Sep/30/2019 18:11,nosy,44C - Holidays,Python 3,Accepted,248 ms,0 KB,2019-09-30 18:11:00,44
17839519,May/11/2016 09:28,darkria,45C - Dancing Lessons,Python 3,Accepted,1637 ms,41200 KB,2016-05-11 09:28:00,45
39267307,Jun/15/2018 16:22,ashok123,46C - Hamsters and Tigers,Python 3,Accepted,186 ms,100 KB,2018-06-15 16:22:00,46
15617800,Jan/27/2016 21:49,merolish,47C - Crossword,Python 3,Accepted,124 ms,300 KB,2016-01-27 21:49:00,47
24712799,Feb/16/2017 11:11,sbandjohn,48C - The Race,Python 3,Accepted,154 ms,4800 KB,2017-02-16 11:11:00,48
50733647,Mar/03/2019 14:57,pavkal5,49C - Disposition,Python 3,Accepted,498 ms,2900 KB,2019-03-03 14:57:00,49
13918190,Oct/28/2015 18:49,Eeyore,50C - Happy Farm 5,Python 3,Accepted,966 ms,0 KB,2015-10-28 18:49:00,50
20239130,Aug/29/2016 15:40,rpk74m,51C - Three Base Stations,Python 3,Accepted,436 ms,16400 KB,2016-08-29 15:40:00,51
49335207,Feb/01/2019 21:07,pavkal5,53C - Little Frog,Python 3,Accepted,248 ms,400 KB,2019-02-01 21:07:00,53
14119622,Nov/07/2015 11:42,Eeyore,54C - First Digit Law,Python 3,Accepted,748 ms,400 KB,2015-11-07 11:42:00,54
14913841,Dec/21/2015 17:06,eddy1021,55C - Pie or die,Python 3,Accepted,124 ms,0 KB,2015-12-21 17:06:00,55
21246786,Oct/07/2016 01:42,Amores,56C - Corporation Mail,Python 3,Accepted,124 ms,4500 KB,2016-10-07 01:42:00,56
24981836,Feb/24/2017 16:04,YazanRi,57C - Array,Python 3,Accepted,248 ms,4500 KB,2017-02-24 16:04:00,57
23501897,Jan/02/2017 18:30,AbcFly,58C - Trees,Python 3,Accepted,278 ms,13000 KB,2017-01-02 18:30:00,58
21198243,Oct/05/2016 02:45,Amores,59C - Title,Python 3,Accepted,154 ms,0 KB,2016-10-05 02:45:00,59
41570951,Aug/14/2018 00:38,prjasti,61C - Capture Valerian,Python 3,Accepted,109 ms,0 KB,2018-08-14 00:38:00,61
76652748,Apr/14/2020 06:15,LeierKing,63C - Bulls and Cows,Python 3,Accepted,248 ms,500 KB,2020-04-14 06:15:00,63
7051816,Jul/09/2014 12:32,ItsLastDay,65C - Harry Potter and the Golden Snitch,Python 3,Accepted,310 ms,800 KB,2014-07-09 12:32:00,65
13109313,Sep/20/2015 06:08,vjudge3,66C - Petya and File System,Python 3,Accepted,154 ms,900 KB,2015-09-20 06:08:00,66
16947235,Mar/26/2016 10:43,MarcoXerox,69C - Game,Python 3,Accepted,154 ms,5200 KB,2016-03-26 10:43:00,69
67958346,Dec/30/2019 13:34,Annvv,71C - Round Table Knights,Python 3,Accepted,327 ms,2200 KB,2019-12-30 13:34:00,71
53126192,Apr/22/2019 17:09,daotiennamhlvl,75C - Modified GCD,Python 3,Accepted,436 ms,200 KB,2019-04-22 17:09:00,75
8410629,Oct/25/2014 15:51,noor148,78C - Beaver Game,Python 3,Accepted,156 ms,0 KB,2014-10-25 15:51:00,78
5639831,Jan/09/2014 01:08,yugle7,79C - Beaver,Python 3,Accepted,436 ms,700 KB,2014-01-09 01:08:00,79
20485648,Sep/09/2016 22:57,Amores,77A - Heroes,Python 3,Accepted,186 ms,300 KB,2016-09-09 22:57:00,80
52296083,Apr/04/2019 09:09,r57shell,81C - Average Score,Python 3,Accepted,716 ms,8400 KB,2019-04-04 09:09:00,81
31544363,Oct/20/2017 23:22,yugle7,87A - Trains,Python 3,Accepted,124 ms,5400 KB,2017-10-20 23:22:00,88
9229401,Dec/23/2014 05:29,srnth,89A - Robbery,Python 3,Accepted,124 ms,700 KB,2014-12-23 05:29:00,90
5475460,Dec/19/2013 17:41,yugle7,91A - Newspaper Headline,Python 3,Accepted,1964 ms,2900 KB,2013-12-19 17:41:00,92
31737820,Oct/26/2017 15:22,yugle7,93A - Frames,Python 3,Accepted,154 ms,0 KB,2017-10-26 15:22:00,94
39932262,Jul/03/2018 21:00,yugle7,95C - Volleyball,Python 3,Accepted,280 ms,600 KB,2018-07-03 21:00:00,95
7099609,Jul/14/2014 14:49,ItsLastDay,96C - Hockey,Python 3,Accepted,154 ms,0 KB,2014-07-14 14:49:00,96
14669952,Dec/06/2015 02:37,knight-erraunt,99C - Help Victoria the Wise,Python 3,Accepted,77 ms,800 KB,2015-12-06 02:37:00,99
21839204,Oct/28/2016 08:02,Amores,101A - Homework,Python 3,Accepted,124 ms,300 KB,2016-10-28 08:02:00,102
28787663,Jul/23/2017 01:25,YazanRi,103C - Russian Roulette,Python 3,Accepted,154 ms,4500 KB,2017-07-23 01:25:00,103
11953357,Jul/07/2015 00:38,merolish,103B - Cthulhu,Python 3,Accepted,122 ms,0 KB,2015-07-07 00:38:00,104
7244768,Jul/25/2014 22:53,ItsLastDay,105C - Item World,Python 3,Accepted,154 ms,300 KB,2014-07-25 22:53:00,105
70488644,Feb/07/2020 11:16,Annvv,106C - Buns,Python 3,Accepted,1652 ms,300 KB,2020-02-07 11:16:00,106
37558710,Apr/23/2018 22:55,nowyyz,107A - Dorm Water Supply,Python 3,Accepted,78 ms,6900 KB,2018-04-23 22:55:00,108
47486950,Dec/25/2018 12:23,Silky_Littleraisin,109A - Lucky Sum of Digits,Python 3,Accepted,248 ms,200 KB,2018-12-25 12:23:00,110
20980602,Sep/29/2016 02:19,Amores,111A - Petya and Inequiations,Python 3,Accepted,154 ms,800 KB,2016-09-29 02:19:00,112
31931660,Oct/31/2017 22:12,yugle7,113A - Grammar Lessons,Python 3,Accepted,156 ms,700 KB,2017-10-31 22:12:00,114
40169483,Jul/10/2018 14:44,Yath230799,115A - Party,Python 3,Accepted,1434 ms,0 KB,2018-07-10 14:44:00,116
21732317,Oct/24/2016 06:07,Amores,120C - Winnie-the-Pooh and honey,Python 3,Accepted,154 ms,0 KB,2016-10-24 06:07:00,120
5184084,Nov/21/2013 14:42,TsunamiNoLetGo,121C - Lucky Permutation,Python 3,Accepted,124 ms,0 KB,2013-11-21 14:42:00,121
54175336,May/15/2019 16:39,MajAK,121A - Lucky Sum,Python 3,Accepted,109 ms,300 KB,2019-05-15 16:39:00,122
46992156,Dec/14/2018 08:32,vjudge1,123A - Prime Permutation,Python 3,Accepted,280 ms,200 KB,2018-12-14 08:32:00,124
48288501,Jan/12/2019 14:45,spellstaker,125C - Hobbits' Party,Python 3,Accepted,248 ms,900 KB,2019-01-12 14:45:00,125
32157201,Nov/09/2017 15:13,yugle7,128C - Games with Rectangle,Python 3,Accepted,77 ms,0 KB,2017-11-09 15:13:00,128
15913650,Feb/09/2016 16:22,not_bot_but_POT,128A - Statues,Python 3,Accepted,124 ms,0 KB,2016-02-09 16:22:00,129
22651336,Dec/02/2016 07:05,Mr.Hitch,131C - The World is a Theatre,Python 3,Accepted,124 ms,0 KB,2016-12-02 07:05:00,131
31917549,Oct/31/2017 13:33,yugle7,132C - Logo Turtle,Python 3,Accepted,124 ms,0 KB,2017-10-31 13:33:00,132
76281204,Apr/12/2020 06:21,heronry,132A - Turing Tape,Python 3,Accepted,248 ms,0 KB,2020-04-12 06:21:00,133
43638788,Oct/01/2018 13:09,lckcode,135C - Zero-One,Python 3,Accepted,248 ms,200 KB,2018-10-01 13:09:00,135
63433217,Oct/26/2019 12:45,KATAYPEPE,135A - Replacement,Python 3,Accepted,684 ms,8000 KB,2019-10-26 12:45:00,136
27226089,May/20/2017 04:09,bigdataman,137C - History,Python 3,Accepted,996 ms,8200 KB,2017-05-20 04:09:00,137
14828568,Dec/16/2015 04:06,merolish,138A - Literature Lesson,Python 3,Accepted,154 ms,0 KB,2015-12-16 04:06:00,139
8067790,Oct/03/2014 15:18,manhhomienbienthuy,140C - New Year Snowmen,Python 3,Accepted,1684 ms,11900 KB,2014-10-03 15:18:00,140
47529859,Dec/26/2018 21:12,_aurora_#,141C - Queue,Python 3,Accepted,278 ms,900 KB,2018-12-26 21:12:00,141
5480875,Dec/20/2013 17:15,yugle7,142A - Help Farmer,Python 3,Accepted,312 ms,100 KB,2013-12-20 17:15:00,143
4098429,Jul/18/2013 13:45,fish_ball,144C - Anagram Search,Python 3,Accepted,405 ms,400 KB,2013-07-18 13:45:00,144
19832117,Aug/12/2016 18:42,Amores,145A - Lucky Conversion,Python 3,Accepted,156 ms,4900 KB,2016-08-12 18:42:00,146
5121028,Nov/15/2013 22:25,yugle7,148C - Terse princess,Python 3,Accepted,92 ms,0 KB,2013-11-15 22:25:00,148
55957161,Jun/23/2019 10:43,Mohamed_Ayman,149C - Division into Teams,Python 3,Accepted,778 ms,12400 KB,2019-06-23 10:43:00,149
31004163,Oct/05/2017 01:40,Eva,150A - Win or Freeze,Python 3,Accepted,1606 ms,0 KB,2017-10-05 01:40:00,151
3905060,Jun/16/2013 16:16,nab,152C - Pocket Book,Python 3,Accepted,93 ms,100 KB,2013-06-16 16:16:00,152
5544564,Dec/29/2013 00:03,yugle7,154A - Hometask,Python 3,Accepted,248 ms,500 KB,2013-12-29 00:03:00,155
40286376,Jul/13/2018 19:00,yugle7,156C - Cipher,Python 3,Accepted,1214 ms,3200 KB,2018-07-13 19:00:00,156
5359494,Dec/06/2013 13:41,yugle7,156A - Message,Python 3,Accepted,1278 ms,100 KB,2013-12-06 13:41:00,157
19470510,Jul/29/2016 04:54,Amores,158C - Cd and pwd commands,Python 3,Accepted,124 ms,0 KB,2016-07-29 04:54:00,158
4906935,Oct/27/2013 00:03,yugle7,159C - String Manipulation 1.0,Python 3,Accepted,1622 ms,7300 KB,2013-10-27 00:03:00,159
14787082,Dec/13/2015 18:41,merolish,160C - Find Pair,Python 3,Accepted,372 ms,8300 KB,2015-12-13 18:41:00,160
25586910,Mar/18/2017 04:30,vjudge4,161C - Abracadabra,Python 3,Accepted,62 ms,4800 KB,2017-03-18 04:30:00,161
43805554,Oct/04/2018 22:29,ashok123,165C - Another Problem on Strings,Python 3,Accepted,1996 ms,55800 KB,2018-10-04 22:29:00,165
28589729,Jul/16/2017 10:11,rprtr258,166C - Median,Python 3,Accepted,124 ms,5400 KB,2017-07-16 10:11:00,166
6872003,Jun/13/2014 12:46,yugle7,167A - Wizards and Trolleybuses,Python 3,Accepted,717 ms,10600 KB,2014-06-13 12:46:00,168
58235566,Aug/03/2019 22:18,UTMoonlight,171C - A Piece of Cake,Python 3,Accepted,248 ms,0 KB,2019-08-03 22:18:00,171
5356232,Dec/05/2013 21:49,yugle7,172C - Bus,Python 3,Accepted,1590 ms,10700 KB,2013-12-05 21:49:00,172
14702495,Dec/08/2015 21:21,Eeyore,174C - Range Increments,Python 3,Accepted,498 ms,12400 KB,2015-12-08 21:21:00,174
27108458,May/14/2017 17:46,knight-erraunt#,175C - Geometry Horse,Python 3,Accepted,124 ms,0 KB,2017-05-14 17:46:00,175
24143135,Jan/26/2017 08:29,metowolf,176C - Playing with Superglue,Python 3,Accepted,156 ms,4500 KB,2017-01-26 08:29:00,176
79267514,May/07/2020 15:14,KILLER_CODER,180C - Letter,Python 3,Accepted,248 ms,6800 KB,2020-05-07 15:14:00,180
21116721,Oct/02/2016 16:59,Amores,176A - Trading Business,Python 3,Accepted,156 ms,300 KB,2016-10-02 16:59:00,181
25185209,Mar/03/2017 21:56,YazanRi,185A - Plant,Python 3,Accepted,122 ms,4500 KB,2017-03-03 21:56:00,186
6687550,May/23/2014 17:19,yugle7,187A - Permutations,Python 3,Accepted,592 ms,18200 KB,2014-05-23 17:19:00,189
34838918,Feb/02/2018 16:01,yugle7,190C - STL,Python 3,Accepted,434 ms,12400 KB,2018-02-02 16:01:00,190
30055020,Sep/04/2017 17:21,423555290,193C - Hamming Distance,Python 3,Accepted,93 ms,2600 KB,2017-09-04 17:21:00,193
21198485,Oct/05/2016 03:17,Amores,195C - Try and Catch,Python 3,Accepted,1028 ms,600 KB,2016-10-05 03:17:00,195
4333857,Aug/25/2013 00:02,hl_joker,197C - Lexicographically Maximum Subsequence,Python 3,Accepted,248 ms,300 KB,2013-08-25 00:02:00,197
23549213,Jan/05/2017 09:54,haleyk100198,198A - About Bacteria,Python 3,Accepted,904 ms,4500 KB,2017-01-05 09:54:00,199
3691850,May/08/2013 03:52,neko13,201A - Clear Symmetry,Python 3,Accepted,78 ms,100 KB,2013-05-08 03:52:00,202
21126754,Oct/03/2016 03:53,Amores,203C - Photographer,Python 3,Accepted,1652 ms,6900 KB,2016-10-03 03:53:00,203
31240331,Oct/12/2017 15:14,GT_18,204A - Little Elephant and Interval,Python 3,Accepted,154 ms,0 KB,2017-10-12 15:14:00,205
5891956,Feb/04/2014 07:57,choice,208C - Police Station,Python 3,Accepted,124 ms,300 KB,2014-02-04 07:57:00,208
35596393,Feb/23/2018 15:34,yugle7,213A - Game,Python 3,Accepted,186 ms,7100 KB,2018-02-23 15:34:00,214
35163992,Feb/12/2018 00:22,niquefa_diego,215C - Crosses,Python 3,Accepted,936 ms,5500 KB,2018-02-12 00:22:00,215
44723905,Oct/23/2018 10:04,noelcowm,216C - Hiring Staff,Python 3,Accepted,934 ms,600 KB,2018-10-23 10:04:00,216
76039449,Apr/10/2020 00:18,cybertron1609,217A - Ice Skating,Python 3,Accepted,218 ms,300 KB,2020-04-10 00:18:00,218
4913520,Oct/27/2013 18:08,yugle7,219C - Color Stripe,Python 3,Accepted,468 ms,4200 KB,2013-10-27 18:08:00,219
19507060,Jul/30/2016 05:26,Amores,220A - Little Elephant and Problem,Python 3,Accepted,171 ms,8300 KB,2016-07-30 05:26:00,221
33056842,Dec/09/2017 20:06,Aint_Stain,223C - Partial Sums,Python 3,Accepted,2838 ms,5600 KB,2017-12-09 20:06:00,223
57862915,Jul/27/2019 21:53,ovi_ivo,223A - Bracket Sequence,Python 3,Accepted,374 ms,10600 KB,2019-07-27 21:53:00,224
5091422,Nov/13/2013 21:19,yugle7,225C - Barcode,Python 3,Accepted,498 ms,5500 KB,2013-11-13 21:19:00,225
11998624,Jul/10/2015 16:58,Vladik,226A - Flying Saucer Segments,Python 3,Accepted,124 ms,0 KB,2015-07-10 16:58:00,227
5286166,Nov/28/2013 16:01,yugle7,229A - Shifts,Python 3,Accepted,872 ms,800 KB,2013-11-28 16:01:00,230
58108981,Aug/01/2019 09:08,MajAK,231C - To Add or Not to Add,Python 3,Accepted,592 ms,8500 KB,2019-08-01 09:08:00,231
58923604,Aug/16/2019 21:19,abhirock753,232A - Cycles,Python 3,Accepted,248 ms,300 KB,2019-08-16 21:19:00,233
64485164,Nov/07/2019 20:28,abhivick07,234C - Weather,Python 3,Accepted,498 ms,9100 KB,2019-11-07 20:28:00,234
15835168,Feb/06/2016 03:32,orailly,235A - LCM Challenge,Python 3,Accepted,124 ms,0 KB,2016-02-06 03:32:00,236
4910779,Oct/27/2013 13:01,yugle7,237C - Primes on Interval,Python 3,Accepted,140 ms,6300 KB,2013-10-27 13:01:00,237
22063671,Nov/05/2016 22:23,Amores,238A - Not Wool Sequences,Python 3,Accepted,218 ms,0 KB,2016-11-05 22:23:00,239
37546615,Apr/23/2018 11:46,nowyyz,242C - King's Path,Python 3,Accepted,1964 ms,17900 KB,2018-04-23 11:46:00,242
73771714,Mar/20/2020 10:51,both_stars,243A - The Brand New Function,Python 3,Accepted,1340 ms,22300 KB,2020-03-20 10:51:00,244
37872443,May/04/2018 01:57,YazanRi,245C - Game with Coins,Python 3,Accepted,156 ms,6900 KB,2018-05-04 01:57:00,245
5030773,Nov/08/2013 19:43,yugle7,246C - Beauty Pageant,Python 3,Accepted,156 ms,1000 KB,2013-11-08 19:43:00,246
5286153,Nov/28/2013 15:59,yugle7,250C - Movie Critics,Python 3,Accepted,342 ms,7200 KB,2013-11-28 15:59:00,247
5286153,Nov/28/2013 15:59,yugle7,250C - Movie Critics,Python 3,Accepted,342 ms,7200 KB,2013-11-28 15:59:00,250
75301651,Apr/03/2020 05:35,rdav,252C - Points on Line,Python 3,Accepted,498 ms,8300 KB,2020-04-03 05:35:00,252
5660764,Jan/11/2014 21:03,yugle7,253C - Text Editor,Python 3,Accepted,92 ms,100 KB,2014-01-11 21:03:00,253
75182794,Apr/02/2020 00:11,viniciuszeiko,254C - Anagram,Python 3,Accepted,934 ms,1700 KB,2020-04-02 00:11:00,254
28199805,Jul/02/2017 02:43,YazanRi,257C - View Angle,Python 3,Accepted,1060 ms,8200 KB,2017-07-02 02:43:00,257
7823443,Sep/18/2014 10:49,Qumeric,258A - Little Elephant and Bits,Python 3,Accepted,124 ms,400 KB,2014-09-18 10:49:00,259
6688713,May/23/2014 21:24,WARenie,260C - Balls and Boxes,Python 3,Accepted,514 ms,9200 KB,2014-05-23 21:24:00,260
53205315,Apr/24/2019 00:10,meooow,261C - Maxim and Matrix,Python 3,Accepted,218 ms,0 KB,2019-04-24 00:10:00,261
3670257,May/05/2013 00:02,neko13,262C - Maxim and Discounts,Python 3,Accepted,281 ms,7800 KB,2013-05-05 00:02:00,262
25657191,Mar/20/2017 03:00,traff#,263C - Circle of Numbers,Python 3,Accepted,1870 ms,33800 KB,2017-03-20 03:00:00,263
78593419,Apr/30/2020 21:02,thukrake_mera_pyaar,264A - Escape from Stones,Python 3,Accepted,1934 ms,3100 KB,2020-04-30 21:02:00,265
37131468,Apr/09/2018 23:46,Funniestnamez,266C - Below the Diagonal,Python 3,Accepted,622 ms,7400 KB,2018-04-09 23:46:00,266
3848318,Jun/08/2013 22:29,nab,268C - Beautiful Sets of Points,Python 3,Accepted,78 ms,0 KB,2013-06-08 22:29:00,268
5145480,Nov/19/2013 00:26,yugle7,269A - Magical Boxes,Python 3,Accepted,904 ms,8900 KB,2013-11-19 00:26:00,270
4834870,Oct/20/2013 22:02,yugle7,271C - Secret,Python 3,Accepted,592 ms,35100 KB,2013-10-20 22:02:00,271
54689819,May/26/2019 20:14,MajAK,272C - Dima and Staircase,Python 3,Accepted,1310 ms,12900 KB,2019-05-26 20:14:00,272
40915949,Jul/29/2018 14:45,yura200253,275C - k-Multiple Free Set,Python 3,Accepted,468 ms,8200 KB,2018-07-29 14:45:00,275
54055572,May/13/2019 10:59,The_Pacific_Ocean,276C - Little Girl and Maximum Sum,Python 3,Accepted,1714 ms,14000 KB,2019-05-13 10:59:00,276
20676171,Sep/17/2016 11:16,Amores,277A - Learning Languages,Python 3,Accepted,124 ms,500 KB,2016-09-17 11:16:00,278
5543911,Dec/28/2013 20:48,yugle7,279C - Ladder,Python 3,Accepted,1060 ms,9500 KB,2013-12-28 20:48:00,279
15435242,Jan/19/2016 08:01,sensei11,280A - Rectangle Puzzle,Python 3,Accepted,154 ms,0 KB,2016-01-19 08:01:00,281
3819016,Jun/03/2013 18:53,nab,282C - XOR and OR,Python 3,Accepted,140 ms,3900 KB,2013-06-03 18:53:00,282
5046407,Nov/10/2013 21:26,yugle7,283A - Cows and Sequence,Python 3,Accepted,2994 ms,26900 KB,2013-11-10 21:26:00,284
20409578,Sep/06/2016 02:49,Amores,285C - Building Permutation,Python 3,Accepted,842 ms,24200 KB,2016-09-06 02:49:00,285
3672043,May/05/2013 13:30,neko13,286A - Lucky Permutation,Python 3,Accepted,140 ms,7300 KB,2013-05-05 13:30:00,287
31681242,Oct/24/2017 15:36,yugle7,288C - Polo the Penguin and XOR operation,Python 3,Accepted,872 ms,71500 KB,2017-10-24 15:36:00,288
19507226,Jul/30/2016 05:38,Amores,288A - Polo the Penguin and Strings,Python 3,Accepted,124 ms,2900 KB,2016-07-30 05:38:00,289
5415284,Dec/12/2013 18:38,yugle7,290C - WTF?,Python 3,Accepted,124 ms,0 KB,2013-12-12 18:38:00,290
4904749,Oct/26/2013 17:14,yugle7,291C - Network Mask,Python 3,Accepted,2682 ms,9500 KB,2013-10-26 17:14:00,291
25179308,Mar/03/2017 18:01,felipe17,294C - Shaass and Lights,Python 3,Accepted,62 ms,4700 KB,2017-03-03 18:01:00,294
3669235,May/04/2013 17:12,neko13,295A - Greg and Array,Python 3,Accepted,1531 ms,25900 KB,2013-05-04 17:12:00,296
3667449,May/04/2013 12:10,neko13,297A - Parity Game,Python 3,Accepted,78 ms,100 KB,2013-05-04 12:10:00,298
15914189,Feb/09/2016 16:40,not_bot_but_POT,293A - Weird Game,Python 3,Accepted,1746 ms,7200 KB,2016-02-09 16:40:00,299
3672450,May/05/2013 16:06,Feu,300C - Beautiful Numbers,Python 3,Accepted,1625 ms,20200 KB,2013-05-05 16:06:00,300
19357253,Jul/23/2016 09:16,jerry,301C - Yaroslav and Algorithm,Python 3,Accepted,124 ms,0 KB,2016-07-23 09:16:00,301
5342969,Dec/03/2013 18:04,yugle7,301A - Yaroslav and Sequence,Python 3,Accepted,124 ms,0 KB,2013-12-03 18:04:00,302
3732161,May/18/2013 09:29,asdsteven2,303A - Lucky Permutation Triple,Python 3,Accepted,1310 ms,3100 KB,2013-05-18 09:29:00,304
52229124,Apr/02/2019 14:08,vjudge2,305C - Ivan and Powers of Two,Python 3,Accepted,202 ms,9000 KB,2019-04-02 14:08:00,305
3704716,May/12/2013 05:38,ergatis,"306C - White, Black and White Again",Python 3,Accepted,203 ms,100 KB,2013-05-12 05:38:00,306
20426805,Sep/07/2016 03:15,Amores,311A - The Closest Pair,Python 3,Accepted,77 ms,500 KB,2016-09-07 03:15:00,312
73831843,Mar/20/2020 23:20,zapdospops,313C - Ilya and Matrix,Python 3,Accepted,920 ms,72900 KB,2020-03-20 23:20:00,313
31661333,Oct/23/2017 22:56,yugle7,314A - Sereja and Contest,Python 3,Accepted,1714 ms,19500 KB,2017-10-23 22:56:00,315
3912564,Jun/18/2013 10:37,GateOne,318E - Balance,Python 3,Accepted,734 ms,2400 KB,2013-06-18 10:37:00,317
34200628,Jan/15/2018 18:25,.I.,317A - Perfect Pair,Python 3,Accepted,124 ms,5500 KB,2018-01-15 18:25:00,318
3969657,Jun/28/2013 09:03,GateOne,319C - Kalila and Dimna in the Logging Industry,Python 3,Accepted,1031 ms,10500 KB,2013-06-28 09:03:00,319
41320279,Aug/08/2018 03:31,aro1,319A - Malek Dance Club,Python 3,Accepted,248 ms,0 KB,2018-08-08 03:31:00,320
3989826,Jun/29/2013 11:20,GateOne#,322C - Ciel and Robot,Python 3,Accepted,93 ms,100 KB,2013-06-29 11:20:00,322
4229195,Aug/04/2013 21:20,jasperH,335C - More Reclamation,Python 3,Accepted,124 ms,0 KB,2013-08-04 21:20:00,326
5973115,Mar/10/2014 11:26,yugle7,327C - Magic Five,Python 3,Accepted,748 ms,100 KB,2014-03-10 11:26:00,327
5314274,Nov/30/2013 19:24,yugle7,329A - Purification,Python 3,Accepted,124 ms,0 KB,2013-11-30 19:24:00,330
27299630,May/23/2017 14:04,YazanRi,334C - Secrets,Python 3,Accepted,124 ms,0 KB,2017-05-23 14:04:00,334
4229195,Aug/04/2013 21:20,jasperH,335C - More Reclamation,Python 3,Accepted,124 ms,0 KB,2013-08-04 21:20:00,335
4280951,Aug/15/2013 11:57,Eurce,336C - Vasily the Bear and Sequence,Python 3,Accepted,1902 ms,9500 KB,2013-08-15 11:57:00,336
26336986,Apr/13/2017 15:35,YazanRi,337C - Quiz,Python 3,Accepted,154 ms,5400 KB,2017-04-13 15:35:00,337
23418423,Dec/30/2016 14:53,GShot,339C - Xenia and Weights,Python 3,Accepted,78 ms,13100 KB,2016-12-30 14:53:00,339
4382886,Aug/30/2013 22:11,DanielChau,340C - Tourist Problem,Python 3,Accepted,342 ms,7400 KB,2013-08-30 22:11:00,340
34497160,Jan/24/2018 00:42,yugle7,340E - Iahub and Permutations,Python 3,Accepted,248 ms,5500 KB,2018-01-24 00:42:00,341
4547083,Sep/24/2013 10:46,enter.ru#,342C - Cupboard and Balloons,Python 3,Accepted,124 ms,0 KB,2013-09-24 10:46:00,342
26328678,Apr/13/2017 01:52,YazanRi,343A - Rational Resistance,Python 3,Accepted,124 ms,5400 KB,2017-04-13 01:52:00,344
9287504,Dec/28/2014 01:11,merolish,346A - Alice and Bob,Python 3,Accepted,374 ms,5700 KB,2014-12-28 01:11:00,347
69899490,Jan/31/2020 15:39,TKR18,348A - Mafia,Python 3,Accepted,280 ms,9300 KB,2020-01-31 15:39:00,349
75238634,Apr/02/2020 15:36,vjudge3,350C - Bombs,Python 3,Accepted,1526 ms,49300 KB,2020-04-02 15:36:00,350
24684420,Feb/15/2017 05:28,vjudge1,352C - Jeff and Rounding,Python 3,Accepted,216 ms,4800 KB,2017-02-15 05:28:00,352
53209790,Apr/24/2019 06:54,daotiennamhlvl,353C - Find Maximum,Python 3,Accepted,404 ms,7300 KB,2019-04-24 06:54:00,353
29818015,Aug/27/2017 06:01,lawrence.long,354C - Vasya and Beautiful Arrays,Python 3,Accepted,358 ms,21100 KB,2017-08-27 06:01:00,354
56031762,Jun/25/2019 12:56,once_twice,354A - Vasya and Robot,Python 3,Accepted,311 ms,5100 KB,2019-06-25 12:56:00,355
44927699,Oct/27/2018 00:05,YazanRi,356C - Compartments,Python 3,Accepted,546 ms,14200 KB,2018-10-27 00:05:00,356
78941108,May/04/2020 09:58,_viru_,356A - Knight Tournament,Python 3,Accepted,1715 ms,14900 KB,2020-05-04 09:58:00,357
41526531,Aug/12/2018 15:14,yugle7,358C - Dima and Containers,Python 3,Accepted,545 ms,4000 KB,2018-08-12 15:14:00,358
5460922,Dec/18/2013 17:35,yugle7,359C - Prime Number,Python 3,Accepted,109 ms,9500 KB,2013-12-18 17:35:00,359
41626661,Aug/15/2018 17:52,NIkhIL_,363C - Fixing Typos,Python 3,Accepted,311 ms,700 KB,2018-08-15 17:52:00,363
5414022,Dec/12/2013 14:05,yugle7,366C - Dima and Salad,Python 3,Accepted,78 ms,500 KB,2013-12-12 14:05:00,366
47647355,Dec/28/2018 18:57,MarcoXerox,367C - Sereja and the Arrangement of Numbers,Python 3,Accepted,358 ms,30200 KB,2018-12-28 18:57:00,367
16322955,Feb/25/2016 11:33,orailly,367A - Sereja and Algorithm,Python 3,Accepted,638 ms,8500 KB,2016-02-25 11:33:00,368
79690816,May/10/2020 23:58,stefdasca,370C - Mittens,Python 3,Accepted,124 ms,6900 KB,2020-05-10 23:58:00,370
21267853,Oct/08/2016 01:23,Amores,371C - Hamburgers,Python 3,Accepted,62 ms,4500 KB,2016-10-08 01:23:00,371
77621415,Apr/22/2020 11:13,nocreative1,372A - Counting Kangaroos is Fun,Python 3,Accepted,997 ms,14600 KB,2020-04-22 11:13:00,373
14189920,Nov/10/2015 23:36,vinitgandhi007,376C - Divisible by Seven,Python 3,Accepted,686 ms,5100 KB,2015-11-10 23:36:00,376
49611743,Feb/08/2019 04:46,HYPERHYPERHYPERCUBELOVER#,379C - New Year Ratings Change,Python 3,Accepted,639 ms,27300 KB,2019-02-08 04:46:00,379
15914314,Feb/09/2016 16:42,not_bot_but_POT,380A - Sereja and Prefixes,Python 3,Accepted,779 ms,25100 KB,2016-02-09 16:42:00,381
39539266,Jun/23/2018 13:58,MajAK,382C - Arithmetic Progression,Python 3,Accepted,249 ms,7900 KB,2018-06-23 13:58:00,382
5953130,Mar/06/2014 22:51,yugle7,383A - Milking cows,Python 3,Accepted,109 ms,1000 KB,2014-03-06 22:51:00,384
7017189,Jul/05/2014 20:59,Shiz0,387C - George and Number,Python 3,Accepted,155 ms,0 KB,2014-07-05 20:59:00,387
54828440,May/30/2019 10:44,spellstaker,388C - Fox and Card Game,Python 3,Accepted,109 ms,0 KB,2019-05-30 10:44:00,388
8807640,Nov/23/2014 02:44,nab,388A - Fox and Box Accumulation,Python 3,Accepted,61 ms,0 KB,2014-11-23 02:44:00,389
51893194,Mar/27/2019 13:16,UTMoonlight,392A - Blocked Points,Python 3,Accepted,109 ms,0 KB,2019-03-27 13:16:00,393
5962108,Mar/08/2014 15:08,yugle7,394C - Dominoes,Python 3,Accepted,171 ms,7800 KB,2014-03-08 15:08:00,394
74286381,Mar/25/2020 15:01,CodeBreaker003,396A - On Number of Decompositions into Multipliers,Python 3,Accepted,389 ms,400 KB,2020-03-25 15:01:00,397
5963776,Mar/08/2014 19:54,yugle7,398A - Cards,Python 3,Accepted,264 ms,600 KB,2014-03-08 19:54:00,399
5999918,Mar/12/2014 06:03,hza,400C - Inna and Huge Candy Matrix,Python 3,Accepted,1653 ms,0 KB,2014-03-12 06:03:00,400
47251191,Dec/19/2018 11:20,TangentDay,401C - Team,Python 3,Accepted,561 ms,20000 KB,2018-12-19 11:20:00,401
6039443,Mar/16/2014 21:03,citrux,402C - Searching for Graph,Python 3,Accepted,77 ms,0 KB,2014-03-16 21:03:00,402
36751249,Mar/30/2018 18:16,vjudge5,404C - Restore Graph,Python 3,Accepted,998 ms,18300 KB,2018-03-30 18:16:00,404
79656866,May/10/2020 16:27,bergus,405C - Unusual Product,Python 3,Accepted,467 ms,14900 KB,2020-05-10 16:27:00,405
6196220,Mar/31/2014 12:31,hza,407A - Triangle,Python 3,Accepted,514 ms,0 KB,2014-03-31 12:31:00,408
7215977,Jul/24/2014 15:27,synapse,409C - Magnum Opus,Python 3,Accepted,77 ms,0 KB,2014-07-24 15:27:00,409
6408830,Apr/18/2014 21:09,yugle7,411C - Kicker,Python 3,Accepted,62 ms,0 KB,2014-04-18 21:09:00,411
71590553,Feb/22/2020 09:20,kashishmish9911,412C - Pattern,Python 3,Accepted,218 ms,4600 KB,2020-02-22 09:20:00,412
6478017,Apr/26/2014 13:03,yugle7,413C - Jeopardy!,Python 3,Accepted,77 ms,0 KB,2014-04-26 13:03:00,413
16620468,Mar/09/2016 19:26,biGinNer,414A - Mashmokh and Numbers,Python 3,Accepted,280 ms,2800 KB,2016-03-09 19:26:00,415
6665717,May/21/2014 11:19,su_58,416C - Booking System,Python 3,Accepted,249 ms,100 KB,2014-05-21 11:19:00,416
6386357,Apr/17/2014 19:51,ZhouYuChen,418A - Football,Python 3,Accepted,451 ms,31900 KB,2014-04-17 19:51:00,417
55716777,Jun/18/2019 16:06,once_twice,424C - Magic Formulas,Python 3,Accepted,1591 ms,71700 KB,2019-06-18 16:06:00,424
6496444,Apr/28/2014 03:22,choice,425A - Sereja and Swaps,Python 3,Accepted,811 ms,200 KB,2014-04-28 03:22:00,426
56029213,Jun/25/2019 11:36,MajAK,427C - Checkposts,Python 3,Accepted,1138 ms,29300 KB,2019-06-25 11:36:00,427
6621183,May/15/2014 17:41,yugle7,429A - Xor-tree,Python 3,Accepted,639 ms,13300 KB,2014-05-15 17:41:00,430
47970093,Jan/05/2019 17:11,urishabh,431C - k-Tree,Python 3,Accepted,109 ms,0 KB,2019-01-05 17:11:00,431
6683510,May/23/2014 00:08,yugle7,432C - Prime Swaps,Python 3,Accepted,1091 ms,28500 KB,2014-05-23 00:08:00,432
14508361,Nov/27/2015 12:16,pjcuy,433C - Ryouko's Memory Note,Python 3,Accepted,483 ms,11700 KB,2015-11-27 12:16:00,433
6756018,May/31/2014 12:51,yugle7,435C - Cardiogram,Python 3,Accepted,124 ms,8500 KB,2014-05-31 12:51:00,435
79745129,May/11/2020 15:33,anjit_6294,437C - The Child and Toy,Python 3,Accepted,109 ms,6800 KB,2020-05-11 15:33:00,437
25297246,Mar/06/2017 19:21,felipe17,439C - Devu and Partitioning of the Array,Python 3,Accepted,701 ms,13900 KB,2017-03-06 19:21:00,439
7016272,Jul/05/2014 17:34,borls,440C - One-Based Arithmetic,Python 3,Accepted,77 ms,0 KB,2014-07-05 17:34:00,440
54156037,May/15/2019 07:10,manuelflr,441C - Valera and Tubes,Python 3,Accepted,358 ms,9300 KB,2019-05-15 07:10:00,441
9403986,Jan/11/2015 18:56,woyeshizuile,443E - Artem and Array,Python 3,Accepted,1076 ms,22800 KB,2015-01-11 18:56:00,442
32713970,Nov/27/2017 15:05,yugle7,442A - Borya and Hanabi,Python 3,Accepted,77 ms,5400 KB,2017-11-27 15:05:00,443
7061891,Jul/11/2014 10:02,cinderela,444A - DZY Loves Physics,Python 3,Accepted,529 ms,0 KB,2014-07-11 10:02:00,445
24278757,Jan/31/2017 01:36,GShot,446A - DZY Loves Sequences,Python 3,Accepted,296 ms,12600 KB,2017-01-31 01:36:00,447
53972820,May/11/2019 03:50,vjudge2,448C - Painting Fence,Python 3,Accepted,561 ms,4300 KB,2019-05-11 03:50:00,448
23508688,Jan/03/2017 04:58,Yukimai,449C - Jzzhu and Apples,Python 3,Accepted,577 ms,7700 KB,2017-01-03 04:58:00,449
69405982,Jan/23/2020 13:51,hotboy2703,449A - Jzzhu and Chocolate,Python 3,Accepted,124 ms,300 KB,2020-01-23 13:51:00,450
7298140,Jul/31/2014 12:47,yugle7,451C - Predict Outcome of the Game,Python 3,Accepted,1669 ms,0 KB,2014-07-31 12:47:00,451
7345717,Aug/04/2014 18:23,jebwizoscar,452C - Magic Trick,Python 3,Accepted,62 ms,0 KB,2014-08-04 18:23:00,452
46821618,Dec/09/2018 18:38,jaaguptamme,453A - Little Pony and Expected Maximum,Python 3,Accepted,155 ms,0 KB,2018-12-09 18:38:00,454
46979316,Dec/13/2018 21:38,khalil.247,455A - Boredom,Python 3,Accepted,202 ms,6400 KB,2018-12-13 21:38:00,456
37321905,Apr/14/2018 13:02,barakraganosungam,459C - Pashmak and Buses,Python 3,Accepted,498 ms,7500 KB,2018-04-14 13:02:00,459
7699275,Sep/07/2014 14:57,yugle7,460C - Present,Python 3,Accepted,1184 ms,9700 KB,2014-09-07 14:57:00,460
7690515,Sep/06/2014 01:59,vanadium,461C - Appleman and a Sheet of Paper,Python 3,Accepted,1496 ms,2300 KB,2014-09-06 01:59:00,461
12616644,Aug/20/2015 17:03,UnusedFever,461A - Appleman and Toastman,Python 3,Accepted,389 ms,19200 KB,2015-08-20 17:03:00,462
40567988,Jul/20/2018 09:37,yugle7,464C - Substitutes in Number,Python 3,Accepted,514 ms,11400 KB,2018-07-20 09:37:00,464
28528071,Jul/13/2017 21:39,Sheemon7,464A - No to Palindromes!,Python 3,Accepted,77 ms,5400 KB,2017-07-13 21:39:00,465
75070123,Apr/01/2020 13:55,thukrake_mera_pyaar,466C - Number of Ways,Python 3,Accepted,483 ms,35300 KB,2020-04-01 13:55:00,466
7892618,Sep/21/2014 12:21,vitux,468C - Hack it!,Python 3,Accepted,46 ms,0 KB,2014-09-21 12:21:00,468
25207366,Mar/04/2017 13:08,YazanRi,468A - 24 Game,Python 3,Accepted,748 ms,4900 KB,2017-03-04 13:08:00,469
7986450,Sep/27/2014 19:17,CountZero,471C - MUH and House of Cards,Python 3,Accepted,61 ms,0 KB,2014-09-27 19:17:00,471
8228716,Oct/14/2014 18:32,merolish,472C - Design Tutorial: Make It Nondeterministic,Python 3,Accepted,498 ms,28900 KB,2014-10-14 18:32:00,472
15087128,Dec/29/2015 18:56,_Luna,474C - Captain Marmot,Python 3,Accepted,452 ms,300 KB,2015-12-29 18:56:00,474
22669427,Dec/03/2016 08:36,Mr.Hitch,476C - Dreamoon and Sums,Python 3,Accepted,62 ms,0 KB,2016-12-03 08:36:00,476
8270785,Oct/16/2014 22:07,tomlau,478C - Table Decorations,Python 3,Accepted,77 ms,0 KB,2014-10-16 22:07:00,478
18181430,Jun/01/2016 14:45,xidebixia,479C - Exams,Python 3,Accepted,93 ms,5400 KB,2016-06-01 14:45:00,479
8388681,Oct/24/2014 22:18,Vaghar,483C - Diverse Permutation,Python 3,Accepted,296 ms,3500 KB,2014-10-24 22:18:00,483
15914476,Feb/09/2016 16:45,not_bot_but_POT,484A - Bits,Python 3,Accepted,374 ms,0 KB,2016-02-09 16:45:00,485
54738333,May/28/2019 09:22,MajAK,486C - Palindrome Transformation,Python 3,Accepted,171 ms,800 KB,2019-05-28 09:22:00,486
8856749,Nov/26/2014 10:20,alberist,487C - Prefix Product Sequence,Python 3,Accepted,576 ms,4500 KB,2014-11-26 10:20:00,487
15914480,Feb/09/2016 16:45,not_bot_but_POT,487A - Fight the Monster,Python 3,Accepted,62 ms,0 KB,2016-02-09 16:45:00,488
54340999,May/18/2019 13:19,vjudge5,489C - Given Length and Sum of Digits...,Python 3,Accepted,108 ms,0 KB,2019-05-18 13:19:00,489
73720863,Mar/19/2020 19:27,coder2610,492C - Vanya and Exams,Python 3,Accepted,499 ms,8900 KB,2020-03-19 19:27:00,492
8971553,Dec/03/2014 20:58,tomlau,493C - Vasya and Basketball,Python 3,Accepted,1185 ms,31700 KB,2014-12-03 20:58:00,493
9108355,Dec/13/2014 20:03,DiEvAl,495C - Treasure,Python 3,Accepted,202 ms,1400 KB,2014-12-13 20:03:00,495
78511122,Apr/29/2020 22:14,dubey07#,496C - Removing Columns,Python 3,Accepted,109 ms,300 KB,2020-04-29 22:14:00,496
49854302,Feb/13/2019 09:17,vjudge3,499C - Crazy Town,Python 3,Accepted,109 ms,0 KB,2019-02-13 09:17:00,499
9329816,Dec/31/2014 07:09,tomlau,500C - New Year Book Reading,Python 3,Accepted,389 ms,100 KB,2014-12-31 07:09:00,500
9418902,Jan/12/2015 20:31,puffingpup,501C - Misha and Forest,Python 3,Accepted,748 ms,11200 KB,2015-01-12 20:31:00,501
31155193,Oct/09/2017 00:39,yugle7,507C - Guess Your Way Out!,Python 3,Accepted,62 ms,0 KB,2017-10-09 00:39:00,507
32143684,Nov/08/2017 20:50,yugle7,508C - Anya and Ghosts,Python 3,Accepted,62 ms,0 KB,2017-11-08 20:50:00,508
33359285,Dec/17/2017 20:58,yugle7,509C - Sums of Digits,Python 3,Accepted,77 ms,5500 KB,2017-12-17 20:58:00,509
18454917,Jun/14/2016 18:41,mike_nzk,510C - Fox And Names,Python 3,Accepted,77 ms,5000 KB,2016-06-14 18:41:00,510
14782779,Dec/13/2015 12:34,saodem74,510E - Fox And Dinner,Python 3,Accepted,171 ms,400 KB,2015-12-13 12:34:00,512
34944627,Feb/05/2018 16:02,yugle7,513C - Second price auction,Python 3,Accepted,124 ms,5500 KB,2018-02-05 16:02:00,513
17833883,May/10/2016 18:32,mike_nzk,514C - Watto and Mechanism,Python 3,Accepted,2573 ms,28600 KB,2016-05-10 18:32:00,514
40682239,Jul/23/2018 23:53,rumboalfuturo,515C - Drazil and Factorial,Python 3,Accepted,124 ms,0 KB,2018-07-23 23:53:00,515
17291104,Apr/12/2016 17:35,mike_nzk,518C - Anya and Smartphone,Python 3,Accepted,327 ms,13600 KB,2016-04-12 17:35:00,518
10091686,Mar/01/2015 07:57,sunhong,519C - A and B and Team Training,Python 3,Accepted,62 ms,0 KB,2015-03-01 07:57:00,519
30589090,Sep/21/2017 19:04,yugle7,520C - DNA Alignment,Python 3,Accepted,61 ms,200 KB,2017-09-21 19:04:00,520
30599427,Sep/21/2017 23:50,yugle7,520E - Pluses everywhere,Python 3,Accepted,1466 ms,7200 KB,2017-09-21 23:50:00,521
10298804,Mar/16/2015 13:53,master_j,522C - Chicken or Fish?,Python 3,Accepted,764 ms,6900 KB,2015-03-16 13:53:00,522
29499087,Aug/16/2017 10:29,Qumeric,523C - Name Quest,Python 3,Accepted,62 ms,7800 KB,2017-08-16 10:29:00,523
32562495,Nov/23/2017 01:02,yugle7,529E - The Art of Dealing with ATM,Python 3,Accepted,467 ms,7300 KB,2017-11-23 01:02:00,524
10553237,Apr/02/2015 20:00,merolish,525C - Ilya and Sticks,Python 3,Accepted,156 ms,7500 KB,2015-04-02 20:00:00,525
22649999,Dec/02/2016 03:23,vjudge4,526C - Om Nom and Candies,Python 3,Accepted,109 ms,0 KB,2016-12-02 03:23:00,526
31867080,Oct/29/2017 15:54,yugle7,533C - Board Game,Python 3,Accepted,62 ms,0 KB,2017-10-29 15:54:00,532
31867080,Oct/29/2017 15:54,yugle7,533C - Board Game,Python 3,Accepted,62 ms,0 KB,2017-10-29 15:54:00,533
32141715,Nov/08/2017 17:23,yugle7,534C - Polycarpus' Dice,Python 3,Accepted,998 ms,14300 KB,2017-11-08 17:23:00,534
31255727,Oct/12/2017 19:53,yugle7,535C - Tavas and Karafs,Python 3,Accepted,1747 ms,0 KB,2017-10-12 19:53:00,535
10914850,Apr/28/2015 06:40,jackowitzd2,538C - Tourist's Notes,Python 3,Accepted,436 ms,4600 KB,2015-04-28 06:40:00,538
57129996,Jul/16/2019 09:42,lanvu,540C - Ice Cave,Python 3,Accepted,1169 ms,2000 KB,2019-07-16 09:42:00,540
10996608,May/04/2015 17:10,alex_world#,542C - Idempotent functions,Python 3,Accepted,171 ms,6400 KB,2015-05-04 17:10:00,541
10996608,May/04/2015 17:10,alex_world#,542C - Idempotent functions,Python 3,Accepted,171 ms,6400 KB,2015-05-04 17:10:00,542
22720784,Dec/06/2016 02:28,Gribon,545C - Woodcutters,Python 3,Accepted,467 ms,11500 KB,2016-12-06 02:28:00,545
20470719,Sep/09/2016 04:42,Amores,546C - Soldier and Cards,Python 3,Accepted,187 ms,0 KB,2016-09-09 04:42:00,546
31927701,Oct/31/2017 19:41,yugle7,549C - The Game Of Parity,Python 3,Accepted,155 ms,11400 KB,2017-10-31 19:41:00,549
46029430,Nov/21/2018 15:56,Silky_Littleraisin,550C - Divisibility by Eight,Python 3,Accepted,171 ms,700 KB,2018-11-21 15:56:00,550
11686455,Jun/20/2015 23:11,Fekete,552C - Vanya and Scales,Python 3,Accepted,62 ms,0 KB,2015-06-20 23:11:00,552
53717607,May/03/2019 22:53,sarh,553C - Love Triangles,Python 3,Accepted,1232 ms,4200 KB,2019-05-03 22:53:00,553
12293401,Jul/31/2015 18:12,Fekete,554C - Kyoya and Colored Balls,Python 3,Accepted,155 ms,100 KB,2015-07-31 18:12:00,554
47010145,Dec/14/2018 19:01,Silky_Littleraisin,555A - Case of Matryoshkas,Python 3,Accepted,327 ms,6900 KB,2018-12-14 19:01:00,556
31173326,Oct/09/2017 19:54,yugle7,557C - Arthur and Table,Python 3,Accepted,436 ms,14400 KB,2017-10-09 19:54:00,557
52543179,Apr/09/2019 22:17,BiubiubiuYa,558C - Amr and Chemistry,Python 3,Accepted,670 ms,9600 KB,2019-04-09 22:17:00,558
12263680,Jul/29/2015 14:28,SerVasilich,560C - Gerald's Hexagon,Python 3,Accepted,46 ms,0 KB,2015-07-29 14:28:00,560
12399282,Aug/07/2015 11:23,SerVasilich,567C - Geometric Progression,Python 3,Accepted,436 ms,21000 KB,2015-08-07 11:23:00,567
31034631,Oct/05/2017 16:10,yugle7,568A - Primes or Palindromes?,Python 3,Accepted,701 ms,4700 KB,2017-10-05 16:10:00,569
16940429,Mar/26/2016 00:12,SilverVoo,570C - Replacement,Python 3,Accepted,1231 ms,28400 KB,2016-03-26 00:12:00,570
24978146,Feb/24/2017 15:01,sina-ss,571A - Lengthening Sticks,Python 3,Accepted,701 ms,4500 KB,2017-02-24 15:01:00,572
19951738,Aug/18/2016 21:24,Amores,573A - Bear and Poker,Python 3,Accepted,607 ms,11700 KB,2016-08-18 21:24:00,574
46240365,Nov/26/2018 10:28,Silky_Littleraisin,576A - Vasya and Petya's Game,Python 3,Accepted,124 ms,0 KB,2018-11-26 10:28:00,577
15914604,Feb/09/2016 16:48,not_bot_but_POT,578A - A Problem about Polyline,Python 3,Accepted,62 ms,0 KB,2016-02-09 16:48:00,579
46028965,Nov/21/2018 15:45,Silky_Littleraisin,580C - Kefa and Park,Python 3,Accepted,592 ms,14900 KB,2018-11-21 15:45:00,580
19721803,Aug/08/2016 09:42,Amores,581C - Developing Skills,Python 3,Accepted,187 ms,9800 KB,2016-08-08 09:42:00,581
15914609,Feb/09/2016 16:48,not_bot_but_POT,582A - GCD Table,Python 3,Accepted,670 ms,15700 KB,2016-02-09 16:48:00,583
76742536,Apr/15/2020 01:13,thukrake_mera_pyaar,584C - Marina and Vasya,Python 3,Accepted,218 ms,1600 KB,2020-04-15 01:13:00,584
13581529,Oct/12/2015 21:29,Thomas_Ahle,"585C - Alice, Bob, Oranges and Apples",Python 3,Accepted,62 ms,0 KB,2015-10-12 21:29:00,585
13942210,Oct/30/2015 04:08,SteelRaven,587A - Duff and Weight Lifting,Python 3,Accepted,951 ms,61800 KB,2015-10-30 04:08:00,588
76676828,Apr/14/2020 13:06,LeierKing,591C - Median Smoothing,Python 3,Accepted,998 ms,26000 KB,2020-04-14 13:06:00,591
14785123,Dec/13/2015 15:57,Teejay,592C - The Big Race,Python 3,Accepted,124 ms,1200 KB,2015-12-13 15:57:00,592
42965307,Sep/17/2018 02:51,augurar,593C - Beautiful Function,Python 3,Accepted,124 ms,0 KB,2018-09-17 02:51:00,593
14697441,Dec/08/2015 15:00,rickya,595E - Edo and Magnets,Python 3,Accepted,967 ms,16900 KB,2015-12-08 15:00:00,594
14687957,Dec/07/2015 18:12,rickya#,595C - Warrior and Archer,Python 3,Accepted,233 ms,16400 KB,2015-12-07 18:12:00,595
14347255,Nov/19/2015 20:37,Boterphile,596C - Wilbur and Points,Python 3,Accepted,592 ms,19600 KB,2015-11-19 20:37:00,596
32083601,Nov/05/2017 23:46,yugle7,598C - Nearest vectors,Python 3,Accepted,779 ms,25700 KB,2017-11-05 23:46:00,598
51044568,Mar/08/2019 21:14,Shubham2227,599C - Day at the Beach,Python 3,Accepted,186 ms,9000 KB,2019-03-08 21:14:00,599
20040714,Aug/22/2016 10:35,DimPas,600C - Make Palindrome,Python 3,Accepted,124 ms,5700 KB,2016-08-22 10:35:00,600
68154193,Jan/04/2020 11:16,ERIWUG,601A - The Two Routes,Python 3,Accepted,358 ms,900 KB,2020-01-04 11:16:00,602
35522141,Feb/20/2018 16:18,yugle7,603C - Lieges of Legendre,Python 3,Accepted,234 ms,12700 KB,2018-02-20 16:18:00,603
27599112,Jun/05/2017 22:01,YazanRi,604C - Alternative Thinking,Python 3,Accepted,62 ms,200 KB,2017-06-05 22:01:00,604
23080908,Dec/18/2016 12:30,augurar,606E - Freelancer's Dreams,Python 3,Accepted,873 ms,15900 KB,2016-12-18 12:30:00,605
14844098,Dec/17/2015 12:50,Nymphet,605A - Sorting Railway Cars,Python 3,Accepted,109 ms,6800 KB,2015-12-17 12:50:00,606
15929969,Feb/10/2016 16:57,surokpro,608E - Marbles,Python 3,Accepted,1575 ms,34800 KB,2016-02-10 16:57:00,607
61037011,Sep/21/2019 23:27,gosaindhruv,607A - Chain Reaction,Python 3,Accepted,592 ms,6000 KB,2019-09-21 23:27:00,608
14884066,Dec/19/2015 18:59,merolish,609C - Load Balancing,Python 3,Accepted,108 ms,7200 KB,2015-12-19 18:59:00,609
32319341,Nov/14/2017 22:54,yugle7,610C - Harmony Analysis,Python 3,Accepted,93 ms,1300 KB,2017-11-14 22:54:00,610
46907471,Dec/11/2018 18:01,Silky_Littleraisin,611C - New Year and Domino,Python 3,Accepted,1777 ms,13400 KB,2018-12-11 18:01:00,611
33033041,Dec/08/2017 22:14,yugle7,612C - Replace To Make Regular Bracket Sequence,Python 3,Accepted,670 ms,15800 KB,2017-12-08 22:14:00,612
15373895,Jan/14/2016 22:12,cugel,613C - Necklace,Python 3,Accepted,62 ms,1200 KB,2016-01-14 22:12:00,613
36276845,Mar/14/2018 16:17,MarcoXerox,613A - Peter and Snow Blower,Python 3,Accepted,545 ms,15000 KB,2018-03-14 16:17:00,614
68854121,Jan/15/2020 13:03,tushartyagi8750#,615C - Running Track,Python 3,Accepted,124 ms,1100 KB,2020-01-15 13:03:00,615
32228645,Nov/11/2017 22:03,yugle7,617C - Watering Flowers,Python 3,Accepted,78 ms,100 KB,2017-11-11 22:03:00,617
31094326,Oct/07/2017 01:13,yugle7,618C - Constellation,Python 3,Accepted,608 ms,13200 KB,2017-10-07 01:13:00,618
43452860,Sep/26/2018 16:52,rithwik27,620C - Pearls in a Row,Python 3,Accepted,1232 ms,22800 KB,2018-09-26 16:52:00,620
30332082,Sep/14/2017 18:26,yugle7,621C - Wet Shark and Flowers,Python 3,Accepted,452 ms,28600 KB,2017-09-14 18:26:00,621
17975773,May/18/2016 09:54,darkria,622C - Not Equal on a Segment,Python 3,Accepted,982 ms,27100 KB,2016-05-18 09:54:00,622
31039916,Oct/05/2017 18:55,yugle7,623A - Graph and String,Python 3,Accepted,483 ms,300 KB,2017-10-05 18:55:00,624
28187775,Jul/01/2017 11:48,frankbozar,625C - K-special Tables,Python 3,Accepted,841 ms,13900 KB,2017-07-01 11:48:00,625
16065572,Feb/17/2016 07:37,ving.xia,626C - Block Towers,Python 3,Accepted,405 ms,0 KB,2016-02-17 07:37:00,626
31162555,Oct/09/2017 11:37,yugle7,628C - Bear and String Distance,Python 3,Accepted,202 ms,300 KB,2017-10-09 11:37:00,628
16184301,Feb/18/2016 21:50,romanasa,630C - Lucky Numbers,Python 3,Accepted,77 ms,0 KB,2016-02-18 21:50:00,630
16501304,Mar/03/2016 22:32,xfce8888,631C - Report,Python 3,Accepted,1216 ms,32100 KB,2016-03-03 22:32:00,631
18180690,Jun/01/2016 13:48,xidebixia,632C - The Smallest String Concatenation,Python 3,Accepted,265 ms,6700 KB,2016-06-01 13:48:00,632
33363209,Dec/17/2017 23:40,yugle7,633C - Spy Syndrome 2,Python 3,Accepted,140 ms,18900 KB,2017-12-17 23:40:00,633
51968185,Mar/29/2019 14:07,r57shell,627B - Factory Repairs,Python 3,Accepted,2495 ms,8500 KB,2019-03-29 14:07:00,634
31561440,Oct/21/2017 12:23,yugle7,627A - XOR Equation,Python 3,Accepted,62 ms,5400 KB,2017-10-21 12:23:00,635
16798375,Mar/19/2016 02:39,SerVasilich,637C - Promocodes with Mistakes,Python 3,Accepted,841 ms,0 KB,2016-03-19 02:39:00,637
16779679,Mar/18/2016 13:33,SerVasilich,644C - Hostname Aliases,Python 3,Accepted,794 ms,45800 KB,2016-03-18 13:33:00,644
31543231,Oct/20/2017 21:43,yugle7,645C - Enduring Exodus,Python 3,Accepted,358 ms,8000 KB,2017-10-20 21:43:00,645
16890409,Mar/23/2016 18:47,Aphanasiy,648C - Путь Робота,Python 3,Accepted,62 ms,8500 KB,2016-03-23 18:47:00,648
16948143,Mar/26/2016 11:05,habibulka,649C - Печать условий,Python 3,Accepted,498 ms,17900 KB,2016-03-26 11:05:00,649
16847855,Mar/21/2016 01:59,jackowitzd2,650A - Watchmen,Python 3,Accepted,1559 ms,33200 KB,2016-03-21 01:59:00,651
17154503,Apr/04/2016 10:42,lioasdfghjkl,652C - Foe Pairs,Python 3,Accepted,842 ms,32700 KB,2016-04-04 10:42:00,652
16856909,Mar/21/2016 16:31,orailly,653C - Bear and Up-Down,Python 3,Accepted,1404 ms,14400 KB,2016-03-21 16:31:00,653
31543231,Oct/20/2017 21:43,yugle7,645C - Enduring Exodus,Python 3,Accepted,358 ms,8000 KB,2017-10-20 21:43:00,655
17153635,Apr/04/2016 08:57,jebwizoscar,656C - Without Text,Python 3,Accepted,62 ms,4700 KB,2016-04-04 08:57:00,656
33008442,Dec/07/2017 22:05,YazanRi,639B - Bear and Forgotten Tree 3,Python 3,Accepted,592 ms,5700 KB,2017-12-07 22:05:00,658
20409834,Sep/06/2016 03:31,Amores,659C - Tanya and Toys,Python 3,Accepted,155 ms,10400 KB,2016-09-06 03:31:00,659
19229343,Jul/19/2016 13:09,Yash_,660C - Hard Process,Python 3,Accepted,451 ms,14100 KB,2016-07-19 13:09:00,660
33707242,Dec/28/2017 13:53,yugle7,664C - International Olympiad,Python 3,Accepted,93 ms,5500 KB,2017-12-28 13:53:00,664
31037493,Oct/05/2017 17:39,yugle7,665C - Simple Strings,Python 3,Accepted,156 ms,1300 KB,2017-10-05 17:39:00,665
31432198,Oct/16/2017 23:05,yugle7,666A - Reberland Linguistics,Python 3,Accepted,93 ms,6800 KB,2017-10-16 23:05:00,667
17496444,Apr/24/2016 21:24,"inventio: Lipin, merrychap",641D - Little Artem and Random Variable,Python 3,Accepted,1418 ms,18600 KB,2016-04-24 21:24:00,668
34251994,Jan/17/2018 15:49,yugle7,641B - Little Artem and Matrix,Python 3,Accepted,217 ms,6500 KB,2018-01-17 15:49:00,669
19124056,Jul/14/2016 20:35,bazyar.sepehr,670C - Cinema,Python 3,Accepted,748 ms,43300 KB,2016-07-14 20:35:00,670
18235429,Jun/03/2016 21:02,Vasiliy_48,672C - Recycling Bottles,Python 3,Accepted,1278 ms,19100 KB,2016-06-03 21:02:00,672
26412739,Apr/16/2017 15:34,YazanRi,675C - Money Transfers,Python 3,Accepted,155 ms,16000 KB,2017-04-16 15:34:00,675
46273627,Nov/27/2018 12:59,Silky_Littleraisin,676C - Vasya and String,Python 3,Accepted,171 ms,200 KB,2018-11-27 12:59:00,676
18205388,Jun/01/2016 23:05,johannesk,677C - Vanya and Label,Python 3,Accepted,280 ms,5200 KB,2016-06-01 23:05:00,677
36690255,Mar/28/2018 14:17,Bamal,678C - Joty and Chocolate,Python 3,Accepted,93 ms,7200 KB,2018-03-28 14:17:00,678
18331425,Jun/09/2016 00:45,SerVasilich,680C - Bear and Prime 100,Python 3,Accepted,77 ms,4700 KB,2016-06-09 00:45:00,680
37694143,Apr/28/2018 22:34,petiteteaparty,681C - Heap Operations,Python 3,Accepted,561 ms,32500 KB,2018-04-28 22:34:00,681
18578760,Jun/18/2016 15:14,UnusedFever,682C - Alyona and the Tree,Python 3,Accepted,701 ms,29000 KB,2016-06-18 15:14:00,682
30570776,Sep/21/2017 11:15,yugle7,685A - Robbers' watch,Python 3,Accepted,77 ms,300 KB,2017-09-21 11:15:00,686
18818484,Jun/30/2016 10:13,Vosatorp,688E - The Values You Can Make,Python 3,Accepted,233 ms,300 KB,2016-06-30 10:13:00,687
47492637,Dec/25/2018 16:07,vjudge1,687A - NP-Hard Problem,Python 3,Accepted,561 ms,15300 KB,2018-12-25 16:07:00,688
34524170,Jan/24/2018 20:18,yugle7,691C - Exponential notation,Python 3,Accepted,373 ms,10500 KB,2018-01-24 20:18:00,691
36739588,Mar/30/2018 10:00,rprtr258,696C - PLEASE,Python 3,Accepted,186 ms,15500 KB,2018-03-30 10:00:00,696
19152706,Jul/15/2016 15:13,newpie,697C - Lorenzo Von Matterhorn,Python 3,Accepted,187 ms,7800 KB,2016-07-15 15:13:00,697
24334187,Feb/01/2017 09:18,vikkram,698A - Vacations,Python 3,Accepted,93 ms,4500 KB,2017-02-01 09:18:00,699
78662167,May/01/2020 17:32,thukrake_mera_pyaar,701C - They Are Everywhere,Python 3,Accepted,217 ms,600 KB,2020-05-01 17:32:00,701
20559372,Sep/13/2016 06:10,Amores,702C - Cellular Network,Python 3,Accepted,265 ms,10500 KB,2016-09-13 06:10:00,702
32114260,Nov/07/2017 12:59,yugle7,703C - Chris and Road,Python 3,Accepted,93 ms,0 KB,2017-11-07 12:59:00,703
19751637,Aug/09/2016 20:23,rpk74m,704A - Thor,Python 3,Accepted,1482 ms,30700 KB,2016-08-09 20:23:00,705
52518570,Apr/09/2019 10:20,vjudge5,706C - Hard problem,Python 3,Accepted,404 ms,4300 KB,2019-04-09 10:20:00,706
27933573,Jun/21/2017 02:19,Shravanthi_Reddy,707C - Pythagorean Triples,Python 3,Accepted,92 ms,5400 KB,2017-06-21 02:19:00,707
20662752,Sep/16/2016 18:04,karan_lal2015,708A - Letters Cyclic Shift,Python 3,Accepted,140 ms,600 KB,2016-09-16 18:04:00,709
32844145,Dec/02/2017 03:15,yugle7,710C - Magic Odd Square,Python 3,Accepted,77 ms,5600 KB,2017-12-02 03:15:00,710
20519973,Sep/11/2016 07:44,Amores,712C - Memory and De-Evolution,Python 3,Accepted,77 ms,0 KB,2016-09-11 07:44:00,712
53112964,Apr/22/2019 08:30,SamuelLH,713C - Sonya and Problem Wihtout a Legend,Python 3,Accepted,311 ms,400 KB,2019-04-22 08:30:00,713
46654867,Dec/05/2018 18:47,Silky_Littleraisin,713A - Sonya and Queries,Python 3,Accepted,686 ms,1900 KB,2018-12-05 18:47:00,714
21628103,Oct/20/2016 23:27,ian9696,715A - Plus and Square Root,Python 3,Accepted,421 ms,100 KB,2016-10-20 23:27:00,716
20524904,Sep/11/2016 12:17,"NCTU_Foudre: ian9696, HowardChung, frankbozar",717C - Potions Homework,Python 3,Accepted,312 ms,2800 KB,2016-09-11 12:17:00,717
20929505,Sep/26/2016 19:14,rpk74m,718A - Efim and Strange Grade,Python 3,Accepted,202 ms,1800 KB,2016-09-26 19:14:00,719
35176509,Feb/12/2018 14:44,toysheeyeyraku,722C - Destroying Array,Python 3,Accepted,764 ms,22200 KB,2018-02-12 14:44:00,722
21203184,Oct/05/2016 10:29,rpk74m,723C - Polycarp at the Radio,Python 3,Accepted,62 ms,500 KB,2016-10-05 10:29:00,723
21299971,Oct/08/2016 19:14,TheRealNeel,724C - Ray Tracing,Python 3,Accepted,1980 ms,4800 KB,2016-10-08 19:14:00,724
21716348,Oct/23/2016 18:42,orailly,725C - Hidden Word,Python 3,Accepted,62 ms,0 KB,2016-10-23 18:42:00,725
32413993,Nov/17/2017 23:51,yugle7,727C - Guess the Array,Python 3,Accepted,217 ms,700 KB,2017-11-17 23:51:00,727
59436947,Aug/25/2019 12:16,youness.amhaouch,731C - Socks,Python 3,Accepted,1356 ms,30900 KB,2019-08-25 12:16:00,731
21579430,Oct/19/2016 02:30,Amores,732C - Sanatorium,Python 3,Accepted,77 ms,4500 KB,2016-10-19 02:30:00,732
32273409,Nov/13/2017 02:03,yugle7,733C - Epidemic in Monstropolis,Python 3,Accepted,62 ms,0 KB,2017-11-13 02:03:00,733
47792805,Dec/31/2018 17:33,SirULG,734C - Anton and Making Potions,Python 3,Accepted,780 ms,40000 KB,2018-12-31 17:33:00,734
22714489,Dec/05/2016 18:18,Q-learning,735C - Tennis Championship,Python 3,Accepted,62 ms,0 KB,2016-12-05 18:18:00,735
22677869,Dec/03/2016 16:25,cqdef_xxx,735E - Ostap and Tree,Python 3,Accepted,296 ms,300 KB,2016-12-03 16:25:00,736
33154920,Dec/12/2017 15:38,yugle7,729E - Subordinates,Python 3,Accepted,280 ms,20200 KB,2017-12-12 15:38:00,737
22693260,Dec/04/2016 13:03,tetroborat,739A - Alyona and mex,Python 3,Accepted,514 ms,3100 KB,2016-12-04 13:03:00,740
28384610,Jul/09/2017 12:38,nns2009,742C - Arpa's loud Owf and Mehrdad's evil plan,Python 3,Accepted,62 ms,5400 KB,2017-07-09 12:38:00,742
46894253,Dec/11/2018 11:14,Silky_Littleraisin,743C - Vladik and fractions,Python 3,Accepted,109 ms,0 KB,2018-12-11 11:14:00,743
29157789,Aug/03/2017 17:31,hackentosh11,745C - Hongcow Builds A Nation,Python 3,Accepted,514 ms,9400 KB,2017-08-03 17:31:00,745
31260771,Oct/13/2017 00:15,yugle7,746C - Tram,Python 3,Accepted,62 ms,0 KB,2017-10-13 00:15:00,746
23311241,Dec/25/2016 17:09,AkA,752C - Santa Claus and Robot,Python 3,Accepted,186 ms,5700 KB,2016-12-25 17:09:00,748
23690984,Jan/11/2017 07:17,Yut0,749C - Voting,Python 3,Accepted,951 ms,7800 KB,2017-01-11 07:17:00,749
30947910,Oct/02/2017 19:14,yugle7,750C - New Year and Rating,Python 3,Accepted,748 ms,0 KB,2017-10-02 19:14:00,750
23311241,Dec/25/2016 17:09,AkA,752C - Santa Claus and Robot,Python 3,Accepted,186 ms,5700 KB,2016-12-25 17:09:00,752
23690574,Jan/11/2017 06:30,lala,753C - Interactive Bulls and Cows (Hard),Python 3,Accepted,436 ms,5500 KB,2017-01-11 06:30:00,753
23625903,Jan/07/2017 18:02,szawinis,754C - Vladik and chat,Python 3,Accepted,124 ms,5300 KB,2017-01-07 18:02:00,754
56162351,Jun/27/2019 15:51,cs1g,755C - PolandBall and Forest,Python 3,Accepted,109 ms,600 KB,2019-06-27 15:51:00,755
26502072,Apr/19/2017 21:00,cgfs10000,757C - Felicity is Coming!,Python 3,Accepted,1933 ms,109400 KB,2017-04-19 21:00:00,757
31223641,Oct/11/2017 20:22,yugle7,758C - Unfair Poll,Python 3,Accepted,62 ms,0 KB,2017-10-11 20:22:00,758
24076011,Jan/23/2017 19:54,af0706,760C - Pavel and barbecue,Python 3,Accepted,342 ms,18100 KB,2017-01-23 19:54:00,760
24392169,Feb/02/2017 20:58,Wavescale,761C - Dasha and Password,Python 3,Accepted,202 ms,4500 KB,2017-02-02 20:58:00,761
55412519,Jun/11/2019 00:22,vjudge1,762C - Two strings,Python 3,Accepted,342 ms,5800 KB,2019-06-11 00:22:00,762
24630681,Feb/13/2017 18:18,wiwitrifai,764E - Timofey and remoduling,Python 3,Accepted,233 ms,15200 KB,2017-02-13 18:18:00,763
26569080,Apr/22/2017 00:05,merolish,763A - Timofey and a tree,Python 3,Accepted,529 ms,21800 KB,2017-04-22 00:05:00,764
24692886,Feb/15/2017 14:02,kcherdakov,765C - Table Tennis Game 2,Python 3,Accepted,62 ms,4500 KB,2017-02-15 14:02:00,765
24526003,Feb/08/2017 15:22,Yut0,766C - Mahmoud and a Message,Python 3,Accepted,1231 ms,4800 KB,2017-02-08 15:22:00,766
27158107,May/16/2017 14:41,xehoth#,768C - Jon Snow and his Favourite Number,Python 3,Accepted,373 ms,6500 KB,2017-05-16 14:41:00,768
26959168,May/08/2017 17:55,sagid,769C - Cycle In Maze,Python 3,Accepted,11481 ms,34200 KB,2017-05-08 17:55:00,769
33196860,Dec/13/2017 00:27,yugle7,770C - Online Courses In BSU,Python 3,Accepted,1091 ms,28500 KB,2017-12-13 00:27:00,770
27011151,May/11/2017 14:37,frankbozar,806C - Prairie Partition,Python 3,Accepted,1216 ms,5900 KB,2017-05-11 14:37:00,773
31602657,Oct/22/2017 14:54,yugle7,774C - Maximum Number,Python 3,Accepted,62 ms,5500 KB,2017-10-22 14:54:00,774
31042655,Oct/05/2017 20:31,yugle7,776C - Molly's Chemicals,Python 3,Accepted,1715 ms,12900 KB,2017-10-05 20:31:00,776
25027366,Feb/26/2017 06:29,JustAni,777C - Alyona and Spreadsheet,Python 3,Accepted,764 ms,24500 KB,2017-02-26 06:29:00,777
36337612,Mar/17/2018 01:06,daleks,779C - Dishonest Sellers,Python 3,Accepted,280 ms,24200 KB,2018-03-17 01:06:00,779
26041324,Apr/01/2017 06:14,eddy1021,784C - INTERCALC,Python 3,Accepted,62 ms,5400 KB,2017-04-01 06:14:00,784
25563108,Mar/17/2017 06:02,JustAni,785C - Anton and Fairy Tale,Python 3,Accepted,78 ms,5500 KB,2017-03-17 06:02:00,785
55589692,Jun/15/2019 14:37,iamssk,788A - Functions again,Python 3,Accepted,249 ms,9000 KB,2019-06-15 14:37:00,789
73580874,Mar/18/2020 17:46,tanu38,771B - Bear and Different Names,Python 3,Accepted,109 ms,300 KB,2020-03-18 17:46:00,791
26446464,Apr/17/2017 08:43,orailly,792C - Divide by Three,Python 3,Accepted,92 ms,6600 KB,2017-04-17 08:43:00,792
26625909,Apr/23/2017 22:55,rarandomra,793C - Mice problem,Python 3,Accepted,748 ms,14000 KB,2017-04-23 22:55:00,793
46573472,Dec/04/2018 10:20,david7ch,794C - Naming Company,Python 3,Accepted,452 ms,4300 KB,2018-12-04 10:20:00,794
31602657,Oct/22/2017 14:54,yugle7,774C - Maximum Number,Python 3,Accepted,62 ms,5500 KB,2017-10-22 14:54:00,795
28567455,Jul/15/2017 10:53,jokkebk,796C - Bank Hacking,Python 3,Accepted,1778 ms,29700 KB,2017-07-15 10:53:00,796
32528967,Nov/21/2017 18:03,yugle7,797C - Minimal string,Python 3,Accepted,358 ms,1300 KB,2017-11-21 18:03:00,797
31201229,Oct/10/2017 22:08,yugle7,798C - Mike and gcd problem,Python 3,Accepted,171 ms,8200 KB,2017-10-10 22:08:00,798
27048068,May/12/2017 09:26,eugalt,799C - Fountains,Python 3,Accepted,390 ms,8900 KB,2017-05-12 09:26:00,799
31153031,Oct/08/2017 22:23,yugle7,772A - Voltage Keepsake,Python 3,Accepted,592 ms,10300 KB,2017-10-08 22:23:00,801
39186410,Jun/12/2018 12:25,Paixao#,803C - Maximal GCD,Python 3,Accepted,576 ms,100 KB,2018-06-12 12:25:00,803
27686146,Jun/09/2017 12:28,frankbozar,804A - Find Amir,Python 3,Accepted,61 ms,0 KB,2017-06-09 12:28:00,805
27011151,May/11/2017 14:37,frankbozar,806C - Prairie Partition,Python 3,Accepted,1216 ms,5900 KB,2017-05-11 14:37:00,806
31167059,Oct/09/2017 15:32,yugle7,773A - Success Rate,Python 3,Accepted,77 ms,0 KB,2017-10-09 15:32:00,807
29204440,Aug/05/2017 00:22,Qumeric,808C - Tea Party,Python 3,Accepted,62 ms,4500 KB,2017-08-05 00:22:00,808
28477946,Jul/12/2017 18:17,Vasiliy_48,810C - Do you want a date?,Python 3,Accepted,592 ms,27600 KB,2017-07-12 18:17:00,810
46048185,Nov/22/2018 07:52,Babyrain,812C - Sagheer and Nubian Market,Python 3,Accepted,873 ms,7200 KB,2018-11-22 07:52:00,812
28055838,Jun/26/2017 14:00,Zombarian,815A - Karen and Game,Python 3,Accepted,311 ms,6100 KB,2017-06-26 14:00:00,816
27920413,Jun/20/2017 11:32,andreamaf,817C - Really Big Numbers,Python 3,Accepted,62 ms,0 KB,2017-06-20 11:32:00,817
28109871,Jun/28/2017 10:07,BinZhao,819A - Mister B and Boring Game,Python 3,Accepted,62 ms,5400 KB,2017-06-28 10:07:00,820
44328141,Oct/14/2018 20:00,nowyyz,821C - Okabe and Boxes,Python 3,Accepted,1123 ms,7300 KB,2018-10-14 20:00:00,821
32529897,Nov/21/2017 18:42,RccHD,"822C - Hacker, pack your bags!",Python 3,Accepted,1653 ms,27500 KB,2017-11-21 18:42:00,822
28600051,Jul/16/2017 18:14,eddy1021,825C - Multi-judge Solving,Python 3,Accepted,62 ms,4800 KB,2017-07-16 18:14:00,825
28554389,Jul/14/2017 20:29,Zombarian,831C - Jury Marks,Python 3,Accepted,1684 ms,224700 KB,2017-07-14 20:29:00,831
28969581,Jul/29/2017 14:57,yura_antonych,832C - Strange Radiation,Python 3,Accepted,1091 ms,15200 KB,2017-07-29 14:57:00,832
29322973,Aug/10/2017 12:45,freedom_dr,835C - Star sky,Python 3,Accepted,1887 ms,25800 KB,2017-08-10 12:45:00,835
31506491,Oct/19/2017 14:46,yugle7,837C - Two Seals,Python 3,Accepted,62 ms,5400 KB,2017-10-19 14:46:00,837
46903914,Dec/11/2018 16:16,Silky_Littleraisin,839C - Journey,Python 3,Accepted,545 ms,18700 KB,2018-12-11 16:16:00,839
39954705,Jul/04/2018 15:19,Ali_Pi#,840A - Leha and Function,Python 3,Accepted,1060 ms,32600 KB,2018-07-04 15:19:00,841
29792125,Aug/25/2017 23:45,eugalt,844C - Sorting by Subsequences,Python 3,Accepted,795 ms,14100 KB,2017-08-25 23:45:00,844
31188350,Oct/10/2017 14:44,yugle7,845C - Two TVs,Python 3,Accepted,842 ms,18800 KB,2017-10-10 14:44:00,845
31483530,Oct/18/2017 17:30,"SESC + Kamensk: 111222333, AliceG#",847C - Sum of Nestings,Python 3,Accepted,77 ms,7200 KB,2017-10-18 17:30:00,847
29984079,Sep/01/2017 17:39,tsukuyomi,849C - From Y to Y,Python 3,Accepted,62 ms,0 KB,2017-09-01 17:39:00,849
33475754,Dec/21/2017 13:00,Jiburiru,850A - Five Dimensional Points,Python 3,Accepted,62 ms,5600 KB,2017-12-21 13:00:00,851
66518909,Dec/08/2019 23:41,Tosic,852C - Property,Python 3,Accepted,296 ms,7000 KB,2019-12-08 23:41:00,852
30809659,Sep/28/2017 18:53,yugle7,858C - Did you mean...,Python 3,Accepted,62 ms,100 KB,2017-09-28 18:53:00,858
55119884,Jun/05/2019 13:33,Annvv,859C - Pie Rules,Python 3,Accepted,108 ms,0 KB,2019-06-05 13:33:00,859
30816225,Sep/29/2017 00:19,yugle7,858E - Tests Renumeration,Python 3,Accepted,545 ms,16900 KB,2017-09-29 00:19:00,860
30809659,Sep/28/2017 18:53,yugle7,858C - Did you mean...,Python 3,Accepted,62 ms,100 KB,2017-09-28 18:53:00,861
30565040,Sep/21/2017 04:19,winstontsai,862C - Mahmoud and Ehab and the xor,Python 3,Accepted,389 ms,400 KB,2017-09-21 04:19:00,862
39851277,Jul/02/2018 00:03,Ali_Pi#,863C - 1-2-3,Python 3,Accepted,109 ms,0 KB,2018-07-02 00:03:00,863
30897334,Oct/01/2017 06:19,Jerry2001,864C - Bus,Python 3,Accepted,62 ms,0 KB,2017-10-01 06:19:00,864
30916557,Oct/01/2017 21:44,yugle7,867C - Ordering Pizza,Python 3,Accepted,577 ms,13600 KB,2017-10-01 21:44:00,867
68737569,Jan/14/2020 00:15,nealzane,868C - Qualification Rounds,Python 3,Accepted,249 ms,0 KB,2020-01-14 00:15:00,868
32660960,Nov/26/2017 06:30,Jiburiru,869C - The Intriguing Obsession,Python 3,Accepted,842 ms,6200 KB,2017-11-26 06:30:00,869
43294829,Sep/23/2018 15:52,Laurant,871A - Maximum splitting,Python 3,Accepted,1543 ms,0 KB,2018-09-23 15:52:00,870
32761045,Nov/29/2017 00:11,nathantheinventor,"870E - Points, Lines and Ready-made Titles",Python 3,Accepted,1153 ms,22900 KB,2017-11-29 00:11:00,871
43294829,Sep/23/2018 15:52,Laurant,871A - Maximum splitting,Python 3,Accepted,1543 ms,0 KB,2018-09-23 15:52:00,872
32617328,Nov/24/2017 13:33,Jiburiru,873C - Strange Game On Matrix,Python 3,Accepted,78 ms,5600 KB,2017-11-24 13:33:00,873
32377243,Nov/17/2017 15:03,Obsession,876E - National Property,Python 3,Accepted,904 ms,23100 KB,2017-11-17 15:03:00,875
42117479,Aug/26/2018 13:40,cs1g,875A - Classroom Watch,Python 3,Accepted,108 ms,0 KB,2018-08-26 13:40:00,876
39578047,Jun/23/2018 20:47,dvec,877C - Slava and tanks,Python 3,Accepted,389 ms,3000 KB,2018-06-23 20:47:00,877
32815984,Nov/30/2017 23:22,yugle7,878A - Short Program,Python 3,Accepted,1450 ms,5500 KB,2017-11-30 23:22:00,879
31942752,Nov/01/2017 11:28,duongtnhat,884C - Bertown Subway,Python 3,Accepted,156 ms,7100 KB,2017-11-01 11:28:00,884
32290946,Nov/13/2017 20:37,wibbn,886C - Petya and Catacombs,Python 3,Accepted,109 ms,14600 KB,2017-11-13 20:37:00,886
32504686,Nov/20/2017 18:43,Jiburiru,887C - Solution for Cube,Python 3,Accepted,62 ms,0 KB,2017-11-20 18:43:00,887
33330429,Dec/17/2017 09:26,Jiburiru,888C - K-Dominant Character,Python 3,Accepted,77 ms,6500 KB,2017-12-17 09:26:00,888
32290946,Nov/13/2017 20:37,wibbn,886C - Petya and Catacombs,Python 3,Accepted,109 ms,14600 KB,2017-11-13 20:37:00,890
33078030,Dec/10/2017 13:46,jp121039,891A - Pride,Python 3,Accepted,1091 ms,5500 KB,2017-12-10 13:46:00,892
35206794,Feb/13/2018 20:11,frank_expert,893C - Rumor,Python 3,Accepted,607 ms,16400 KB,2018-02-13 20:11:00,893
32494726,Nov/20/2017 12:33,Jiburiru,894C - Marco and GCD Sequence,Python 3,Accepted,77 ms,200 KB,2017-11-20 12:33:00,894
33803433,Dec/30/2017 10:31,Jiburiru,895C - Square Subsets,Python 3,Accepted,140 ms,10400 KB,2017-12-30 10:31:00,895
32887874,Dec/03/2017 04:12,hicodeworld,897C - Nephren gives a riddle,Python 3,Accepted,358 ms,5400 KB,2017-12-03 04:12:00,897
42402234,Sep/02/2018 21:08,Gauravg22,898C - Phone Numbers,Python 3,Accepted,124 ms,0 KB,2018-09-02 21:08:00,898
35170665,Feb/12/2018 09:48,Red4Ru,899C - Dividing the numbers,Python 3,Accepted,499 ms,6700 KB,2018-02-12 09:48:00,899
33208880,Dec/13/2017 12:51,Jiburiru,900C - Remove Extra One,Python 3,Accepted,93 ms,10400 KB,2017-12-13 12:51:00,900
33446531,Dec/20/2017 09:15,Jiburiru,902C - Hashing Trees,Python 3,Accepted,1029 ms,14300 KB,2017-12-20 09:15:00,902
52280949,Apr/03/2019 20:00,vjudge2,903C - Boxes Packing,Python 3,Accepted,514 ms,700 KB,2019-04-03 20:00:00,903
33626062,Dec/25/2017 20:55,eugalt,907C - Shockers,Python 3,Accepted,327 ms,5800 KB,2017-12-25 20:55:00,904
33626062,Dec/25/2017 20:55,eugalt,907C - Shockers,Python 3,Accepted,327 ms,5800 KB,2017-12-25 20:55:00,907
33889835,Jan/03/2018 20:18,__ivan__,908C - New Year and Curling,Python 3,Accepted,967 ms,5500 KB,2018-01-03 20:18:00,908
48533472,Jan/18/2019 16:08,Arsanuos,909C - Python Indentation,Python 3,Accepted,1996 ms,300 KB,2019-01-18 16:08:00,909
33754207,Dec/29/2017 11:07,s_p,910C - Minimum Sum,Python 3,Accepted,62 ms,5500 KB,2017-12-29 11:07:00,910
35218708,Feb/13/2018 23:56,ravi.kaushal97,911C - Three Garlands,Python 3,Accepted,62 ms,5500 KB,2018-02-13 23:56:00,911
34063274,Jan/10/2018 09:41,Q-learning#,913C - Party Lemonade,Python 3,Accepted,62 ms,5500 KB,2018-01-10 09:41:00,913
34494556,Jan/23/2018 22:34,KulikAlex,914C - Travelling Salesman and Special Numbers,Python 3,Accepted,795 ms,49200 KB,2018-01-23 22:34:00,914
34179646,Jan/14/2018 18:59,sobir_bobiev,915C - Permute Digits,Python 3,Accepted,62 ms,5500 KB,2018-01-14 18:59:00,915
34336161,Jan/20/2018 05:54,rareone0602,916C - Jamie and Interesting Graph,Python 3,Accepted,888 ms,5800 KB,2018-01-20 05:54:00,916
35381036,Feb/17/2018 06:34,Cyfroni,919C - Seat Arrangements,Python 3,Accepted,405 ms,15100 KB,2018-02-17 06:34:00,919
69448009,Jan/24/2020 07:32,Spandan14#,920C - Swap Adjacent Elements,Python 3,Accepted,265 ms,13700 KB,2020-01-24 07:32:00,920
55412268,Jun/11/2019 00:05,vjudge1,922C - Cave Painting,Python 3,Accepted,124 ms,0 KB,2019-06-11 00:05:00,922
36938061,Apr/04/2018 06:08,rareone0602#,957D - Riverside Curio,Python 3,Accepted,233 ms,13800 KB,2018-04-04 06:08:00,924
36425505,Mar/20/2018 09:07,VinceJudge0,926C - Is This a Zebra?,Python 3,Accepted,140 ms,8500 KB,2018-03-20 09:07:00,926
39045320,Jun/08/2018 15:04,dvec,928C - Dependency management,Python 3,Accepted,1403 ms,50600 KB,2018-06-08 15:04:00,928
37660038,Apr/27/2018 15:11,hamlet,929C - Красивая команда,Python 3,Accepted,390 ms,7200 KB,2018-04-27 15:11:00,929
38991050,Jun/06/2018 13:15,mencibi,931C - Laboratory Work,Python 3,Accepted,343 ms,7300 KB,2018-06-06 13:15:00,931
74373868,Mar/26/2020 13:11,aakarsh,932C - Permutation Cycle,Python 3,Accepted,1871 ms,36000 KB,2020-03-26 13:11:00,932
35268774,Feb/14/2018 19:16,Yee_172,934E - A Colourful Prospect,Python 3,Accepted,62 ms,5500 KB,2018-02-14 19:16:00,933
35282783,Feb/15/2018 08:23,rareone0602,933A - A Twisty Movement,Python 3,Accepted,62 ms,6200 KB,2018-02-15 08:23:00,934
35612471,Feb/24/2018 03:54,eugalt,935C - Fifa and Fafa,Python 3,Accepted,62 ms,5500 KB,2018-02-24 03:54:00,935
37654914,Apr/27/2018 11:59,Lych4o_,937E - Lock Puzzle,Python 3,Accepted,124 ms,7400 KB,2018-04-27 11:59:00,936
36026773,Mar/06/2018 22:41,hamlet,936A - Save Energy!,Python 3,Accepted,62 ms,5500 KB,2018-03-06 22:41:00,937
35416139,Feb/17/2018 15:31,algo_overdose,938C - Constructing Tests,Python 3,Accepted,701 ms,5500 KB,2018-02-17 15:31:00,938
73167773,Mar/13/2020 22:16,aakarsh,939C - Convenient For Everybody,Python 3,Accepted,218 ms,7000 KB,2020-03-13 22:16:00,939
35755988,Feb/27/2018 11:46,namkan,940C - Phone Numbers,Python 3,Accepted,78 ms,5800 KB,2018-02-27 11:46:00,940
35914920,Mar/04/2018 12:29,* vvd1705014532,944C - Peculiar apple-tree,Python 3,Accepted,202 ms,20500 KB,2018-03-04 12:29:00,944
36047130,Mar/07/2018 17:03,eugalt,946C - String Transformation,Python 3,Accepted,93 ms,6100 KB,2018-03-07 17:03:00,946
36237149,Mar/13/2018 04:37,chengjian,948C - Producing Snow,Python 3,Accepted,748 ms,15600 KB,2018-03-13 04:37:00,948
74380231,Mar/26/2020 14:30,aakarsh,949A - Zebras,Python 3,Accepted,842 ms,18900 KB,2020-03-26 14:30:00,950
41924771,Aug/21/2018 09:53,Savit_Gupta,1023E - Down or Right,Python 3,Accepted,140 ms,0 KB,2018-08-21 09:53:00,951
36970567,Apr/04/2018 18:37,Bamal,952C - Ravioli Sort,Python 3,Accepted,93 ms,6900 KB,2018-04-04 18:37:00,952
36425505,Mar/20/2018 09:07,VinceJudge0,926C - Is This a Zebra?,Python 3,Accepted,140 ms,8500 KB,2018-03-20 09:07:00,953
41142572,Aug/03/2018 07:26,Vasiliy_48,954C - Matrix Walk,Python 3,Accepted,404 ms,16300 KB,2018-08-03 07:26:00,954
36938061,Apr/04/2018 06:08,rareone0602#,957D - Riverside Curio,Python 3,Accepted,233 ms,13800 KB,2018-04-04 06:08:00,956
36640422,Mar/26/2018 14:33,Evil__Coder,957C - Three-level Laser,Python 3,Accepted,296 ms,15000 KB,2018-03-26 14:33:00,957
36927184,Apr/03/2018 20:51,anmolsaxena10,959C - Mahmoud and Ehab and the wrong algorithm,Python 3,Accepted,764 ms,7000 KB,2018-04-03 20:51:00,959
38976724,Jun/05/2018 21:37,Ali_Pi#,960C - Subsequence Counting,Python 3,Accepted,93 ms,6900 KB,2018-06-05 21:37:00,960
42150149,Aug/27/2018 14:42,messy_saurabh,961C - Chessboard,Python 3,Accepted,155 ms,0 KB,2018-08-27 14:42:00,961
70000248,Feb/02/2020 04:01,Roms,962C - Make a Square,Python 3,Accepted,358 ms,0 KB,2020-02-02 04:01:00,962
38540172,May/22/2018 18:28,Ali_Pi,963C - Cutting Rectangle,Python 3,Accepted,1465 ms,25900 KB,2018-05-22 18:28:00,963
37424593,Apr/18/2018 07:09,Yee_172,963A - Alternating Sum,Python 3,Accepted,171 ms,7100 KB,2018-04-18 07:09:00,964
37707685,Apr/29/2018 15:11,nowyyz,965C - Greedy Arkady,Python 3,Accepted,93 ms,6900 KB,2018-04-29 15:11:00,965
75802610,Apr/08/2020 08:02,rdav,975C - Valhalla Siege,Python 3,Accepted,857 ms,22400 KB,2020-04-08 08:02:00,975
37784847,May/01/2018 04:17,eugalt,976C - Nested Segments,Python 3,Accepted,1669 ms,39000 KB,2018-05-01 04:17:00,976
56678695,Jul/07/2019 19:57,Danylo99,977C - Less or Equal,Python 3,Accepted,233 ms,15300 KB,2019-07-07 19:57:00,977
75795457,Apr/08/2020 04:47,coderemite,978C - Letters,Python 3,Accepted,998 ms,21000 KB,2020-04-08 04:47:00,978
38098901,May/10/2018 20:57,code4101,980C - Posterized,Python 3,Accepted,468 ms,12000 KB,2018-05-10 20:57:00,980
38696416,May/28/2018 17:10,Black_Fregat,981C - Useful Decomposition,Python 3,Accepted,950 ms,6000 KB,2018-05-28 17:10:00,981
45204632,Nov/02/2018 15:02,nowyyz,982C - Cut 'em all!,Python 3,Accepted,576 ms,12800 KB,2018-11-02 15:02:00,982
38350988,May/17/2018 16:47,eugalt,984C - Finite or not?,Python 3,Accepted,748 ms,6200 KB,2018-05-17 16:47:00,984
38563122,May/23/2018 16:24,eugalt,985C - Liebig's Barrels,Python 3,Accepted,233 ms,8000 KB,2018-05-23 16:24:00,985
38896745,Jun/02/2018 18:35,eugalt,988C - Equal Sums,Python 3,Accepted,389 ms,30300 KB,2018-06-02 18:35:00,988
39264038,Jun/15/2018 14:01,bhiaibogf,989C - A Mist of Florescence,Python 3,Accepted,93 ms,200 KB,2018-06-15 14:01:00,989
39135716,Jun/11/2018 06:47,Yee_172,990C - Bracket Sequences Concatenation Problem,Python 3,Accepted,857 ms,1000 KB,2018-06-11 06:47:00,990
39581739,Jun/23/2018 23:32,eugalt,991C - Candies,Python 3,Accepted,93 ms,0 KB,2018-06-23 23:32:00,991
39428993,Jun/20/2018 10:40,eddy1021,992C - Nastya and a Wardrobe,Python 3,Accepted,108 ms,0 KB,2018-06-20 10:40:00,992
39336329,Jun/17/2018 16:26,snv2,993C - Careful Maneuvering,Python 3,Accepted,857 ms,54700 KB,2018-06-17 16:26:00,993
40232446,Jul/12/2018 15:50,ivan100sic,993A - Two Squares,Python 3,Accepted,124 ms,0 KB,2018-07-12 15:50:00,994
39730085,Jun/28/2018 04:06,orailly,995C - Leaving the Bar,Python 3,Accepted,452 ms,14600 KB,2018-06-28 04:06:00,995
39619880,Jun/24/2018 20:27,hahho,996C - Tesla,Python 3,Accepted,171 ms,800 KB,2018-06-24 20:27:00,996
50796282,Mar/04/2019 21:45,galim665,998C - Convert to Ones,Python 3,Accepted,109 ms,3200 KB,2019-03-04 21:45:00,998
39482318,Jun/21/2018 18:37,eugalt,999C - Alphabetic Removals,Python 3,Accepted,655 ms,29600 KB,2018-06-21 18:37:00,999
